id,happy,depr,anx,anger
1,2.6666666666666665,1.3333333333333333,3,1
1,3,1.3333333333333333,2,1
1,3.3333333333333335,1,2,1
1,3,1.3333333333333333,2,1
1,3,1.6666666666666667,2,1
1,2.3333333333333335,3,3.5,2.6666666666666665
1,2.6666666666666665,1,2,1
1,NA,NA,NA,NA
1,1.3333333333333333,1,2,1.3333333333333333
1,2.3333333333333335,1,2,1.3333333333333333
1,1.3333333333333333,1.3333333333333333,2,1.3333333333333333
1,1.6666666666666667,1.3333333333333333,2,1
1,1.3333333333333333,1.3333333333333333,2,1.3333333333333333
1,NA,NA,NA,NA
2,5,1,1,1
2,5,1,1,1
2,5,1,1,1
2,NA,NA,NA,NA
2,5,1,1.5,1
2,5,1,1,1
2,5,1,1,1
2,NA,NA,NA,NA
2,5,1,1,1
2,5,1,1,1
2,NA,NA,NA,NA
2,5,1,1,1
2,NA,NA,NA,NA
2,5,1,1,1
3,4,1.3333333333333333,1.5,1
3,4,1,1,1
3,4,1,1,1
3,4,1,1,1.3333333333333333
3,4.333333333333333,1,1,1
3,4.333333333333333,1,1,1
3,4,1,1,1
3,4,1,1,1
3,4,1,1,1.3333333333333333
3,4.333333333333333,1,1,1
3,3,1.3333333333333333,1,1.3333333333333333
3,4,1,1,1
3,4,1,1,1
3,4,1,1,1
4,5,1,3,1
4,NA,NA,NA,NA
4,5,1,1,1
4,5,1,1,1
4,5,1,3,1
4,5,1,1,1
4,5,1,1,1
4,5,1,1,1
4,5,1.3333333333333333,1.5,1.3333333333333333
4,5,1,1,1
4,5,1,1,1
4,5,1,1,1
4,5,1,1,1
4,5,1,1,1
4,5,1,1,1
5,NA,NA,NA,NA
5,4,1,2,1.3333333333333333
5,4,1.3333333333333333,1,2
5,4,1,1,1
5,4,1,1,1
5,4,1,1,1
5,4,1,1,1
5,4,1,1,1
5,4,1,1,1
5,4,1,1,1
5,4,1,1,1
5,4,1,1,1
5,4,1,1,1
5,4,1,1,1
6,3.3333333333333335,1,1,2
6,3.6666666666666665,1.3333333333333333,1,2.3333333333333335
6,3,1,1,1.6666666666666667
6,4,1,1,1.6666666666666667
6,3.6666666666666665,1.3333333333333333,1,2
6,3,1.3333333333333333,1,3
6,3,1,1,1.3333333333333333
6,2.6666666666666665,1.3333333333333333,1,2.3333333333333335
6,3,1,1,2.3333333333333335
6,3.6666666666666665,1.3333333333333333,2,1
6,3.3333333333333335,1,1,2
6,3,1.3333333333333333,1,2.3333333333333335
6,3.3333333333333335,1,1,1.3333333333333333
7,4,1,1,2.3333333333333335
7,4,1,1,1
7,4.666666666666667,1,1,1
7,4,1,1,1
7,5,1,1,1
7,4.666666666666667,1,1,1
7,4.333333333333333,1,1.5,1
7,5,1,1,1
7,4,1,1,1
7,NA,NA,NA,NA
7,5,1,1,1
8,2.3333333333333335,2,1,1.3333333333333333
8,1.6666666666666667,2.3333333333333335,1,1.3333333333333333
8,3,1.3333333333333333,1,1.3333333333333333
8,1.6666666666666667,2.6666666666666665,2,3.3333333333333335
8,3,2,2.5,2.3333333333333335
8,2.6666666666666665,2.6666666666666665,1.5,1.6666666666666667
8,2.6666666666666665,2,2,2.3333333333333335
8,3.3333333333333335,1.3333333333333333,3.5,1
8,2.6666666666666665,2.3333333333333335,2.5,2
8,2.6666666666666665,2,2,1.6666666666666667
8,3.6666666666666665,2,2,2
8,3.6666666666666665,2,2,1.6666666666666667
8,3.6666666666666665,1,1.5,1.3333333333333333
9,4.333333333333333,1,1.5,1
9,4.333333333333333,1,1,1
9,4.333333333333333,1,1,1
9,4,1,1,1
9,4.666666666666667,1,1,1
9,4.666666666666667,1,1.5,1
9,4.333333333333333,1,1,1
9,4.666666666666667,1,1,1
9,5,1,1,1
9,4.666666666666667,1,1,1
9,4.666666666666667,1,1,1
9,4.666666666666667,1,1,1
9,4.666666666666667,1,1,1
9,4.333333333333333,1,1,1
9,NA,NA,NA,NA
10,3,1,1,1
10,3,1,1,1
10,2.3333333333333335,1,1,1
10,2,1.6666666666666667,1,2
10,1,2.3333333333333335,1,2.3333333333333335
10,1.3333333333333333,1.6666666666666667,1,1
10,1.3333333333333333,1,1,1
10,2.6666666666666665,1,1,1
10,2.6666666666666665,1,1,1.6666666666666667
10,2.6666666666666665,1,1,1.6666666666666667
10,1.6666666666666667,1,1,1.3333333333333333
10,4.666666666666667,1,3,1
10,2.6666666666666665,1.3333333333333333,1,1
11,4.333333333333333,2,3,2.3333333333333335
11,4.333333333333333,1,3,2
11,2.6666666666666665,2,3,3.3333333333333335
11,2,4,4,4
11,3,5,4,3.3333333333333335
11,4,4.333333333333333,4,3
11,4.666666666666667,5,5,2
11,3.6666666666666665,4.666666666666667,4.5,4
11,4,4.666666666666667,4.5,4
11,2.6666666666666665,1.6666666666666667,1.5,1
11,3,4,4.5,4.666666666666667
11,3,3.3333333333333335,2.5,3.3333333333333335
11,4,4,4.5,2.3333333333333335
12,4.333333333333333,1.3333333333333333,1.5,1
12,4.333333333333333,1,1,1
12,3.6666666666666665,1,1.5,1
12,4,1.6666666666666667,2,1
12,4,1.3333333333333333,2,1.3333333333333333
12,4.666666666666667,1,1,1
12,4.333333333333333,1,2.5,1.3333333333333333
12,4,1,2,1
12,5,1,1,1
12,4,1,1,1
12,5,1,1,1
12,5,1,1,1.3333333333333333
12,4.666666666666667,1,1,1.3333333333333333
12,3.6666666666666665,2,4,1.6666666666666667
13,5,1,3,1
13,3.6666666666666665,1,2,1
13,4,1,2.5,1
13,4,1,2.5,1
13,5,1,3,1
13,3.6666666666666665,1,2.5,1
13,3.6666666666666665,1,3.5,1
13,1,3.6666666666666665,1,5
14,2,3.6666666666666665,3,4
14,NA,NA,NA,NA
14,1.3333333333333333,2,1.5,2
14,2,2,2,3
14,1.6666666666666667,1.6666666666666667,1.5,1.6666666666666667
14,1.6666666666666667,2,1.5,2
14,1.3333333333333333,1.6666666666666667,1.5,1.6666666666666667
14,1,1,1,2
14,2,2,2,4
14,2,2,2,2.3333333333333335
14,2,2,2,3
14,2,2,2,2.6666666666666665
14,2,2,2.5,2.3333333333333335
14,2,2,2,2.6666666666666665
15,4.666666666666667,1,1,1
15,5,1,1,1
15,5,1,1,1
15,5,1,1,1
15,5,1,3,1
15,5,1,1,1
15,5,1,3,1
15,3.6666666666666665,1,1,1
15,5,1,1,2.3333333333333335
15,3.6666666666666665,1,1,1
15,3.6666666666666665,1,1,1
15,4.666666666666667,1,1,1
15,5,1,1,1
15,3.6666666666666665,1,1,1
16,2.6666666666666665,2.3333333333333335,2.5,3
16,2.3333333333333335,2.3333333333333335,1,1
16,2.6666666666666665,1.6666666666666667,1,2.3333333333333335
16,2.3333333333333335,1.3333333333333333,1,4
16,3,2.3333333333333335,1,3.6666666666666665
16,3.6666666666666665,1.3333333333333333,1,1
16,2.6666666666666665,2,1,1.6666666666666667
16,1.6666666666666667,1.3333333333333333,1,1
16,2,2.3333333333333335,1,1.3333333333333333
16,2.3333333333333335,1.6666666666666667,1,2.6666666666666665
16,3,1.3333333333333333,1,1.3333333333333333
16,2.6666666666666665,1,1,1
16,1.6666666666666667,1,1,1
16,2,1,1,1
17,NA,NA,NA,NA
17,3.6666666666666665,1,1,1
17,2,1.6666666666666667,3.5,4
17,2.6666666666666665,1,1,1
17,4.666666666666667,1,1,1
17,4,1.6666666666666667,2,1
17,3.3333333333333335,1,1,1
17,5,1,1.5,1
17,3,1.6666666666666667,2.5,2.3333333333333335
17,4.666666666666667,1,2,1
17,5,1,2.5,1
17,5,1.3333333333333333,1,1
17,3.3333333333333335,1,2,1
18,3,3.3333333333333335,3,1
18,2.6666666666666665,2.6666666666666665,2,1
18,3,2.3333333333333335,2,2.3333333333333335
18,4,2,3.5,2
18,4,4,4,4
18,2.3333333333333335,2.3333333333333335,2,1.3333333333333333
18,2.3333333333333335,3,2.5,1.3333333333333333
18,5,1.3333333333333333,2.5,1.6666666666666667
18,4.333333333333333,2.3333333333333335,4,1.6666666666666667
18,2.3333333333333335,2.6666666666666665,2,1.3333333333333333
18,3,3,3,2.3333333333333335
18,3.3333333333333335,4,4.5,3.6666666666666665
18,3.3333333333333335,1.3333333333333333,2,1
19,4.666666666666667,1,1,1
19,4.666666666666667,1,1,1
19,4.333333333333333,1,1,1.3333333333333333
19,4.666666666666667,1,1,1
19,4.666666666666667,1,1,1
19,NA,NA,NA,NA
19,4.666666666666667,1,1,1
19,NA,NA,NA,NA
19,4.666666666666667,2.3333333333333335,1,1
19,4.666666666666667,1,1,1
19,4.666666666666667,1,1,1.3333333333333333
19,4.333333333333333,1,1,1
19,4.666666666666667,1,1,1
19,4.666666666666667,1,1,1
19,NA,NA,NA,NA
20,3.3333333333333335,1,1.5,1.3333333333333333
20,4,1,2,1.3333333333333333
20,3.3333333333333335,1,1,1
20,3,1.3333333333333333,1.5,1
20,3,1.3333333333333333,1.5,2
20,1.6666666666666667,1.3333333333333333,2,2
20,3.6666666666666665,1,2,1
20,2.3333333333333335,1.3333333333333333,1.5,2.6666666666666665
20,3.3333333333333335,1,2.5,1.3333333333333333
20,3,2,2.5,2.6666666666666665
20,3,2.3333333333333335,2,2.6666666666666665
20,3.6666666666666665,2.3333333333333335,3,3
20,3.3333333333333335,2.3333333333333335,2.5,2.3333333333333335
20,NA,NA,NA,NA
21,3,2,2,2
21,3,3.3333333333333335,3.5,3.6666666666666665
21,3,3,3,3
21,3,3,3,3
21,3,3,3,3
21,3,3,3,3
21,3,3,3,3
21,3.6666666666666665,3,3,3
21,3,3,3,3
21,3,3,3,3
21,3,3,3,3
21,3,3,3,3
21,3,3,3,3
22,1.6666666666666667,3.6666666666666665,2.5,2.6666666666666665
22,1.3333333333333333,4,3,3.3333333333333335
22,3.6666666666666665,2,3,1.6666666666666667
22,2.6666666666666665,2,2,2
22,2.6666666666666665,1,1,1
22,3.3333333333333335,1,2.5,2.3333333333333335
22,2,3.6666666666666665,3.5,2
22,3.3333333333333335,1,2.5,2
22,2,3,2.5,2.3333333333333335
22,3.6666666666666665,1.3333333333333333,1,1
22,3,1.3333333333333333,1.5,1.3333333333333333
22,3.6666666666666665,1.3333333333333333,1,1
22,3.6666666666666665,1,1.5,1.3333333333333333
22,3.3333333333333335,1,1.5,1.6666666666666667
23,5,1,1,1
23,5,1,1,1
23,5,1,1,1
23,5,1,1,1
23,5,1,1,1
23,5,1,1,1.3333333333333333
23,4.666666666666667,1,1,1.3333333333333333
23,5,1,1,1.3333333333333333
23,5,1,1,1.3333333333333333
23,5,1,1,1.3333333333333333
23,5,1,1,1
23,4,1,1,1.3333333333333333
23,5,1,1,1.3333333333333333
24,3.6666666666666665,1,4,1.3333333333333333
24,4,1,1,1
24,3.3333333333333335,1,1,1.6666666666666667
24,3.3333333333333335,1,2,1
24,3.6666666666666665,1,1,1
24,4,1,1,1
24,3,1,1,2.6666666666666665
24,4,1,1,1
24,4,1,1,1
24,3,1,1,1.6666666666666667
24,3.3333333333333335,1.3333333333333333,1,1.6666666666666667
24,4,1,1,1
24,4,1,1,1
25,4,1,1,1
25,3.6666666666666665,1,1,1
25,4,1,1,2
25,3.6666666666666665,2,1.5,3.3333333333333335
25,3,1.3333333333333333,1,2.6666666666666665
25,3,1.3333333333333333,1,3
25,3.3333333333333335,1,1,3
25,3.3333333333333335,1,1.5,2.6666666666666665
25,3.3333333333333335,1,1.5,3
25,3,1.6666666666666667,1,2.6666666666666665
25,3.6666666666666665,1,1.5,2
25,3,1,1.5,2
25,4,1,1,1.6666666666666667
25,3.3333333333333335,1,1,1.6666666666666667
26,4.666666666666667,1,3,1
26,4.666666666666667,1,2,1
26,4,1,1,1
26,5,1,1,1
26,4.666666666666667,1,1,1
26,5,1,3.5,1
26,4,1.6666666666666667,1,1
26,4,1,1,1
26,4.333333333333333,1.6666666666666667,1,1
27,4.333333333333333,1,1,1
27,4.333333333333333,1,1,1
27,4.333333333333333,1,1,1
27,4.333333333333333,1,1,1
27,4,1,1,1
27,4,1,1,1
27,4,1,1,1
27,4,1,1,1
27,4,1,1.5,1.6666666666666667
27,4,1,1,1
27,4,1,1,1
27,4,1,1,1
27,3.3333333333333335,1.3333333333333333,1,1
27,5,1,1,1
28,4.333333333333333,1,2,1
28,4.666666666666667,1,1,1.3333333333333333
28,4.666666666666667,1.6666666666666667,1,1
28,4.333333333333333,1,1,1
28,4,1,1.5,1.3333333333333333
28,4.333333333333333,1.3333333333333333,1,1
28,4.333333333333333,1,2,1
28,4.666666666666667,1,1,1
28,5,1,1,1.3333333333333333
28,4.333333333333333,1,1.5,1
28,3.6666666666666665,1,1,1
28,4,1,1,1
28,4.333333333333333,1,1,1
28,4,1,1,1
29,3.6666666666666665,1,2,2.3333333333333335
29,2.6666666666666665,2,2,3.3333333333333335
29,3.3333333333333335,1,1,1
29,3.6666666666666665,1,1,2.6666666666666665
29,3.3333333333333335,1,1,2.6666666666666665
29,4.333333333333333,1,1,1
29,4.333333333333333,1,1,1
29,3,1,1,2.3333333333333335
29,3.6666666666666665,1,1,1
29,4.666666666666667,1,1,1
29,4.333333333333333,1,1,1
30,3,2.3333333333333335,2.5,3.6666666666666665
30,2.6666666666666665,2.3333333333333335,2,3
30,2.3333333333333335,1.6666666666666667,2.5,2.6666666666666665
30,2,2.6666666666666665,2.5,4
30,3,2,2,2
30,2.3333333333333335,1.6666666666666667,2.5,3
30,2,2.3333333333333335,2.5,2.6666666666666665
30,3,2,2,2
30,3,2,2,2
30,2,2.3333333333333335,3,3
30,2,2,2.5,3
30,3,2,2,2
30,2,3.3333333333333335,3.5,4
30,2.6666666666666665,2,2.5,2.3333333333333335
31,3,1.6666666666666667,1,2.3333333333333335
31,2.6666666666666665,2,1,2
31,3,1.3333333333333333,1,1
31,2.6666666666666665,1.3333333333333333,1,1
31,2.3333333333333335,1.3333333333333333,1,1.6666666666666667
31,3,1,1,1
31,2,2.6666666666666665,1,2.6666666666666665
31,3,1.6666666666666667,1,1
31,2,2.6666666666666665,1,3.3333333333333335
31,2,2.6666666666666665,1,3.3333333333333335
31,3,1,1,2
31,3,1,1,1
31,3,1,1,1.3333333333333333
31,3.6666666666666665,1,1,1
32,3.3333333333333335,1,1.5,1
32,4,1,1.5,1.6666666666666667
32,3.6666666666666665,1,1.5,1
32,4,1,1,1
32,3.3333333333333335,1.3333333333333333,1,1
32,3.6666666666666665,1,1,1
32,NA,NA,NA,NA
32,1.6666666666666667,2,2,3.6666666666666665
32,3.6666666666666665,1,1.5,1
32,4.333333333333333,1.3333333333333333,1,1.3333333333333333
32,3.3333333333333335,1.6666666666666667,1,1
32,3.3333333333333335,1,2,1
32,3.6666666666666665,1,1.5,1
32,4,1,4.5,1
33,3,3,2,2.3333333333333335
33,4,2,2,2
33,3,2.3333333333333335,2,4
33,5,1,1,1
33,5,1,1,1
33,5,1,2,1
33,NA,NA,NA,NA
33,4,2.3333333333333335,1,4
33,3.6666666666666665,1.3333333333333333,1,1
33,5,1.6666666666666667,1.5,2.3333333333333335
33,3,2.6666666666666665,3.5,3
33,3,1,1.5,1.6666666666666667
34,3.6666666666666665,1,1,2
34,4.333333333333333,1,1,2
34,4.333333333333333,1,1,1
34,5,1,1,1
34,5,1,1,1
34,2.6666666666666665,2,1.5,3.6666666666666665
34,3.3333333333333335,1,1,2.6666666666666665
34,4,1,1,1.3333333333333333
34,3.6666666666666665,1,1,1
34,3.6666666666666665,1,1,1
34,4.333333333333333,1,1,1
34,4.666666666666667,1,1,1
34,3.6666666666666665,1,1,1.3333333333333333
35,3.3333333333333335,1.3333333333333333,2,1.3333333333333333
35,2.6666666666666665,2,1,1.6666666666666667
35,3,2,2,1.6666666666666667
35,3,1.6666666666666667,2,1.6666666666666667
35,3,1.3333333333333333,2,1.3333333333333333
35,3.3333333333333335,1.3333333333333333,1,1
35,2.6666666666666665,1.3333333333333333,1.5,1.3333333333333333
35,3,1.6666666666666667,1.5,1
35,2.6666666666666665,1.6666666666666667,1,1
35,NA,NA,NA,NA
35,3,1.6666666666666667,2,1.3333333333333333
35,2.6666666666666665,1.6666666666666667,1.5,1.3333333333333333
36,4,1,1,1
36,4.666666666666667,1,1,1
36,4.666666666666667,1,2.5,1
36,NA,NA,NA,NA
36,3,1,1,1
36,3,1,1,1
36,3,1.6666666666666667,1,1
36,4,1,1,1
36,1,1,2,2.6666666666666665
36,3,1.6666666666666667,1,3
36,1,4,1.5,1.6666666666666667
36,3,2.6666666666666665,1,1
37,3.3333333333333335,1,1,1
37,NA,NA,NA,NA
37,3,1,1,1
37,3.3333333333333335,1,1,1
37,4,1,1,1
37,NA,NA,NA,NA
37,3,1,1,1
37,3,1,1,1
37,3,1,1,1
37,3,1,1,1
37,3,1,1,1
37,3,1,1,1
37,NA,NA,NA,NA
37,NA,NA,NA,NA
38,3.3333333333333335,1,1,1.3333333333333333
38,3,1.3333333333333333,2,1.3333333333333333
38,2.6666666666666665,1,1,1.3333333333333333
38,2.3333333333333335,2.3333333333333335,3.5,3.6666666666666665
38,3,1.3333333333333333,1.5,1
38,2.6666666666666665,1.3333333333333333,1,1
38,2.6666666666666665,1.6666666666666667,2,1
38,3,1.6666666666666667,2.5,1
38,2.6666666666666665,1.3333333333333333,3.5,1.3333333333333333
38,2.3333333333333335,1.6666666666666667,2,1
38,2,2.6666666666666665,2,1
39,NA,NA,NA,NA
39,5,1,1,1.6666666666666667
39,2.3333333333333335,2.3333333333333335,2,3
39,5,1,1,1
39,5,1,1.5,1.3333333333333333
39,4.333333333333333,1.3333333333333333,1.5,1.3333333333333333
39,3.3333333333333335,1.3333333333333333,2,1
39,2,1.3333333333333333,2,1.6666666666666667
39,4.333333333333333,1,2,1
39,3.6666666666666665,1.3333333333333333,2,1.3333333333333333
39,4,1.3333333333333333,2,1.3333333333333333
39,5,1,1.5,1
39,5,1.3333333333333333,1.5,1.3333333333333333
40,3.6666666666666665,1,1,1
40,4.333333333333333,1,1.5,1.6666666666666667
40,3.6666666666666665,1,1,1
40,3.6666666666666665,1,1,1
40,3.6666666666666665,1,1,1
40,2.6666666666666665,1.3333333333333333,1,2
40,3.6666666666666665,1,1,1.6666666666666667
40,3.6666666666666665,1,1,1
40,3.3333333333333335,1,1,1
40,3.6666666666666665,1,1,1
40,3.3333333333333335,1,1,1
40,3.3333333333333335,1,1,1
40,2.6666666666666665,1,1,1
41,5,1,1,2.3333333333333335
41,5,1,1,1.3333333333333333
41,NA,NA,NA,NA
41,5,1,1,1
41,NA,NA,NA,NA
41,4.666666666666667,1,1,3
41,5,1,1,1
41,5,1,1,1.6666666666666667
41,NA,NA,NA,NA
41,4.666666666666667,1,1,1
41,5,1,1,1
41,5,1,1,1
41,5,1,1,1
42,3.6666666666666665,2,3,3
42,3.3333333333333335,2.3333333333333335,3,1.6666666666666667
42,3,3.6666666666666665,4.5,2.6666666666666665
42,4,2,2,1.6666666666666667
42,3,3.3333333333333335,3.5,1.6666666666666667
42,3,2.6666666666666665,3,1.3333333333333333
42,3,3.6666666666666665,3.5,1.6666666666666667
42,3.3333333333333335,1.6666666666666667,2,1
42,NA,NA,NA,NA
42,2,3.6666666666666665,3.5,3.3333333333333335
42,2.6666666666666665,3.6666666666666665,4,1.6666666666666667
42,NA,NA,NA,NA
42,3,2.3333333333333335,2.5,1.3333333333333333
42,3,3,3,2
42,2.6666666666666665,3,3.5,3
43,3.6666666666666665,2,2,1
43,1.6666666666666667,4,4.5,3.6666666666666665
43,3,3,3,3
43,NA,NA,NA,NA
43,3,2.3333333333333335,2.5,2
43,3.3333333333333335,1.6666666666666667,1.5,1.3333333333333333
43,NA,NA,NA,NA
43,2.3333333333333335,2,3,1.6666666666666667
43,NA,NA,NA,NA
43,4,1.6666666666666667,1,1
43,2.6666666666666665,2,2,1.6666666666666667
43,4,1,1,1
43,4.333333333333333,1.6666666666666667,1,1.3333333333333333
43,3.6666666666666665,1,1,1.3333333333333333
45,3,1,1,1
45,NA,NA,NA,NA
45,3,1,1,1.6666666666666667
45,3.3333333333333335,1,1,1
45,3.6666666666666665,1,1,1
45,4,1,1,1
45,4,1,1,1
45,3.6666666666666665,1,1,1
45,3.3333333333333335,1,1,2
45,3,1,1,1.3333333333333333
45,4,1,1,1
45,4,1,1,1
45,3.6666666666666665,1,1,1
46,5,1,1,1
46,3,1,1,2.3333333333333335
46,5,1,1,1
46,5,1.3333333333333333,1,2.6666666666666665
46,5,1,1,1.6666666666666667
46,5,1,1,3.6666666666666665
46,3.6666666666666665,1,1,1
46,5,1,1,1
46,NA,NA,NA,NA
46,2.3333333333333335,1,1,1.6666666666666667
46,3.6666666666666665,1,1,1.6666666666666667
46,3.6666666666666665,1,2,1
46,3.6666666666666665,1,1,1
47,3.6666666666666665,1,1.5,1
47,5,1,2,1.3333333333333333
47,3.3333333333333335,2,2.5,2.6666666666666665
47,4.333333333333333,1,2,1
47,5,1,1,1.3333333333333333
47,2,4,3.5,4.666666666666667
47,4.666666666666667,1,1,1
47,3.3333333333333335,1,2.5,1
47,5,1,1,1
47,3.6666666666666665,1.6666666666666667,1,1.6666666666666667
47,4,1.3333333333333333,2,1.3333333333333333
47,5,1,1,1
48,3,1,1.5,2
48,4,2,1,1
48,4.333333333333333,1,1,1
48,4.333333333333333,1,2,1
48,4,1,1,1
48,4.333333333333333,1,1,1
48,4,1,1,1
48,5,1,1,1
48,4.333333333333333,1,1.5,1
48,4.333333333333333,1,1,1
48,4.666666666666667,1,1,1
48,4.333333333333333,1,1,1
48,4.333333333333333,1,1,1
49,3,1.3333333333333333,1,1
49,2.3333333333333335,2.3333333333333335,1,1.3333333333333333
49,1.3333333333333333,3,1,2.3333333333333335
49,1,2.6666666666666665,2,2
49,2.3333333333333335,1,2,1.3333333333333333
49,2,1,1,1
49,1.6666666666666667,1,1,2
49,2,1.3333333333333333,1,2
49,3.6666666666666665,1,1,1
49,2.6666666666666665,1,1,1
49,1.6666666666666667,2.3333333333333335,1,2.3333333333333335
49,2.6666666666666665,1,1,1
49,3.6666666666666665,1,1,1
49,2.3333333333333335,1,1,1
50,5,1,1,1
50,5,1,1,1
50,5,1,1,1
50,4.333333333333333,1,3,1
50,5,1,1,1
50,3,2.3333333333333335,3,1.6666666666666667
50,3,1,2.5,1.6666666666666667
50,5,1,1,1
50,5,1,1,1
50,5,1,1,1
50,5,1,1,1
50,5,1,1,1
50,5,1,1,1
50,5,1,1,1
50,5,1,1,1
51,5,1,1,1
51,5,1,1,1
51,5,1,1,1
51,5,1,1,1
51,5,1,1,1
51,5,1,1,1
51,5,1,1,1
51,5,1,1,1
51,5,1,1,1
52,3,2,3.5,2
52,1.3333333333333333,2.6666666666666665,2.5,2.3333333333333335
52,3.3333333333333335,2.3333333333333335,2,2.3333333333333335
52,4.333333333333333,1,1,1
52,4,1,1,1
52,2.3333333333333335,4.666666666666667,2,3.6666666666666665
52,2.6666666666666665,2,2,2
52,3,1,1.5,1
52,4,1,1,1
52,2.3333333333333335,4.333333333333333,5,4
52,3.3333333333333335,2.3333333333333335,2,2.3333333333333335
52,3,2,2,2
52,3,2,2,2
54,1,1,3,2.3333333333333335
54,4.333333333333333,3.3333333333333335,4,5
54,2.3333333333333335,2,3,1.6666666666666667
54,2.3333333333333335,1.3333333333333333,3.5,1.6666666666666667
54,1.6666666666666667,1.3333333333333333,2.5,2.6666666666666665
54,3,2,2,2
54,3.3333333333333335,5,5,5
54,2.3333333333333335,2.6666666666666665,2.5,2.6666666666666665
54,2.6666666666666665,3,3,2
54,1.3333333333333333,2.3333333333333335,2.5,2.3333333333333335
54,1.6666666666666667,2.6666666666666665,2.5,3
54,2.3333333333333335,3,2,3
54,2,2.6666666666666665,2.5,2.3333333333333335
55,NA,NA,NA,NA
55,NA,NA,NA,NA
55,4,2,1,1.3333333333333333
55,2.6666666666666665,2,1,1
55,2.3333333333333335,2.3333333333333335,1,1.3333333333333333
55,1.3333333333333333,3,1.5,2
55,2.3333333333333335,2,1,1.3333333333333333
55,1.3333333333333333,2.6666666666666665,1,2
55,2,2.3333333333333335,1,1.3333333333333333
55,1.6666666666666667,2.3333333333333335,1,1.6666666666666667
55,1.3333333333333333,3.3333333333333335,1.5,2
55,2.3333333333333335,2.6666666666666665,1,2
55,NA,NA,NA,NA
55,2.6666666666666665,1.6666666666666667,1,1.6666666666666667
56,5,1,1,1
56,5,1,1,1
56,5,1,1,1
56,5,1,1,1
56,5,1,1,1
56,2.3333333333333335,3,5,3
56,5,1,1,1
56,5,1,1,1
56,5,1,1,1
56,5,1,1,1
56,5,1,1,1
56,5,1,1,1
56,5,1,1,1
56,5,1,1,2
56,5,1,1,1
57,1.3333333333333333,1,1,1
57,4.666666666666667,1,1,1.3333333333333333
57,4.666666666666667,1,1,1
57,4.666666666666667,1.6666666666666667,1,2
57,5,1,1,1
57,NA,NA,NA,NA
57,4.333333333333333,1,1,1
57,4.666666666666667,1,1,1
57,4.666666666666667,1,1,1
57,5,1,1,1
57,5,1,1,1
57,5,1,1,1
57,5,1,1,1
57,5,1,1,1
58,3.3333333333333335,1,2,1.3333333333333333
58,4.666666666666667,1,1.5,1
58,3.3333333333333335,1.6666666666666667,2,1.3333333333333333
58,4,2,2,1.6666666666666667
58,3,2,2,1
58,3.6666666666666665,1,1.5,1.3333333333333333
58,3.6666666666666665,1,1.5,1
58,2,2,2,1.3333333333333333
58,2.3333333333333335,2,1.5,2
58,2.6666666666666665,1,1.5,1
58,4,1,1.5,1.3333333333333333
58,4,1,1.5,1.3333333333333333
58,5,1,1,1
58,4,1,1,1.3333333333333333
59,1,4.333333333333333,3,5
59,NA,NA,NA,NA
59,2.3333333333333335,2.3333333333333335,4.5,3.6666666666666665
59,3,3.3333333333333335,4,4
59,3,2.3333333333333335,3.5,3
59,3,3,4.5,3
59,3,3,4,3.3333333333333335
59,3,3,4,3.6666666666666665
59,3,3,4,3
59,3,3,4,2.6666666666666665
59,3,2.6666666666666665,4,2.6666666666666665
59,3,3,4,3
59,3,3,4,3
59,3,3.3333333333333335,4,3.6666666666666665
60,NA,NA,NA,NA
60,3,1.6666666666666667,3,1
60,3.3333333333333335,1.6666666666666667,2,1.6666666666666667
60,3,1.6666666666666667,3.5,1.3333333333333333
60,3.3333333333333335,2,2,1.6666666666666667
60,3,1.6666666666666667,2,1
60,NA,NA,NA,NA
60,3,1.6666666666666667,3,1.3333333333333333
60,3,1.6666666666666667,2,1.6666666666666667
60,3,1.3333333333333333,2,1.3333333333333333
60,3,1.6666666666666667,3,1.6666666666666667
60,3.3333333333333335,1.6666666666666667,3,2
60,3,1.6666666666666667,3,1.6666666666666667
60,3,2.3333333333333335,2,1.6666666666666667
61,4,1,1,1
61,4,1,1,1
61,4,1,1,1
61,4,1,1,1
61,2.3333333333333335,3,3,2.6666666666666665
61,5,1,1,1
61,4,1,1,1
61,NA,NA,NA,NA
61,4,1,1,1
61,4,1,1,1
61,4,1,1,1
61,4,1,1,1
61,4,1,1,1
61,4,1,1,1
62,3.6666666666666665,1.3333333333333333,3,1
62,4.333333333333333,1,2,1
62,4.333333333333333,1,1,1
62,3.6666666666666665,1.3333333333333333,1,1.3333333333333333
62,4.666666666666667,1,1,1
62,3,1,1,1.6666666666666667
62,4.666666666666667,1,1,1
62,2,2.6666666666666665,1,3.3333333333333335
62,3.3333333333333335,1,1,1.6666666666666667
62,3,1,1,3
62,2.6666666666666665,1,1.5,3.6666666666666665
62,4,1,1,1
62,3.6666666666666665,2,1.5,1.3333333333333333
62,4.666666666666667,1,2.5,1
62,4.333333333333333,1,2.5,1
64,5,1,1,1
64,4.333333333333333,1,1,1
64,2,2.3333333333333335,2,2
64,5,1,1,1
64,5,1,1,1
64,4,1.3333333333333333,2,1.6666666666666667
64,4.666666666666667,1,1,1
64,5,1,1,1
64,NA,NA,NA,NA
64,5,1,1,1
64,5,1,1,1
64,5,1,1,1
64,5,1,1,1
64,NA,NA,NA,NA
65,NA,NA,NA,NA
65,3.3333333333333335,1.3333333333333333,1,1
65,5,1.3333333333333333,1.5,1.3333333333333333
65,4.666666666666667,1.3333333333333333,1,1.6666666666666667
65,2.6666666666666665,1.6666666666666667,2,2
65,3.6666666666666665,1.3333333333333333,4,3
65,4.666666666666667,1.3333333333333333,1,1.3333333333333333
65,5,1.6666666666666667,2,1.3333333333333333
65,3.6666666666666665,3,3,3.6666666666666665
65,5,1,1,1
65,4.333333333333333,1,1.5,1
65,4.666666666666667,1,1,1
65,4.666666666666667,1.3333333333333333,1,1.3333333333333333
65,4.666666666666667,1,1,1.6666666666666667
65,4.666666666666667,1.3333333333333333,1,1
66,4.666666666666667,1.3333333333333333,1,1
66,4,1.6666666666666667,1.5,1
66,2.6666666666666665,1.3333333333333333,1.5,1
66,4,1.3333333333333333,1,1
66,4.333333333333333,1.6666666666666667,1,1
66,NA,NA,NA,NA
66,4.333333333333333,1.6666666666666667,2,1
66,3.6666666666666665,1.6666666666666667,1,1
66,4.333333333333333,1,1,1
66,4.666666666666667,1,1,1
66,4.333333333333333,1,1,1
66,4.666666666666667,1.3333333333333333,1,1.3333333333333333
66,4.666666666666667,1,1,1
67,4.666666666666667,1,1,1
67,5,1,1,1
67,4.333333333333333,1.3333333333333333,2,1
67,4.333333333333333,1,1.5,1.3333333333333333
67,4.333333333333333,1,1,1
67,NA,NA,NA,NA
67,5,1.3333333333333333,2,1.3333333333333333
67,4,2,3,2
67,4.666666666666667,2,2,1.6666666666666667
67,3,2.6666666666666665,3,3
67,4.333333333333333,2,2,2
67,4,2,1.5,2
67,4.333333333333333,2,1.5,2.6666666666666665
68,NA,NA,NA,NA
68,2.3333333333333335,4.333333333333333,2.5,5
68,2.3333333333333335,3,3.5,2.3333333333333335
68,3.6666666666666665,2.3333333333333335,2.5,1
68,2.3333333333333335,2.6666666666666665,2,3
68,3.6666666666666665,2.3333333333333335,2,3
68,3,2.3333333333333335,2,4
68,NA,NA,NA,NA
68,2.6666666666666665,3,3,2.3333333333333335
68,4,2,1,1.3333333333333333
68,2,2.6666666666666665,2,3
68,2.6666666666666665,2,2,2
68,NA,NA,NA,NA
69,4.333333333333333,1.6666666666666667,1.5,1.6666666666666667
69,4,1.3333333333333333,1.5,1.3333333333333333
69,4.333333333333333,1,1,1
69,3.3333333333333335,1.6666666666666667,2,2
69,4,1,1.5,1.3333333333333333
69,3,2,3,2
69,3.3333333333333335,4,1.5,4
69,4.333333333333333,1,1,1
69,4.333333333333333,1.6666666666666667,1.5,2
69,4,1.6666666666666667,2,1.3333333333333333
69,4.333333333333333,1,1.5,1
69,4.333333333333333,1,2,1
70,4.666666666666667,3.3333333333333335,3,2
70,4.333333333333333,1.3333333333333333,2.5,1.6666666666666667
70,1.3333333333333333,2.3333333333333335,2,1.6666666666666667
70,4.666666666666667,3,3.5,3.3333333333333335
70,2.6666666666666665,2.3333333333333335,2.5,3.3333333333333335
70,4,2.6666666666666665,4,2
70,3.3333333333333335,1.6666666666666667,2,2.6666666666666665
70,3.6666666666666665,4,3,1.6666666666666667
70,3.3333333333333335,2.6666666666666665,3,2.3333333333333335
70,3.6666666666666665,3,3.5,4.333333333333333
70,3.3333333333333335,2.3333333333333335,3,3.3333333333333335
70,NA,NA,NA,NA
70,3,4,5,3.3333333333333335
71,3.6666666666666665,2,3.5,2.6666666666666665
71,3.6666666666666665,2.6666666666666665,2.5,3
71,3,2.3333333333333335,2,3.6666666666666665
71,3.3333333333333335,1.3333333333333333,4,3.3333333333333335
71,3,2.3333333333333335,3.5,3.3333333333333335
71,2.6666666666666665,2.3333333333333335,3.5,3.6666666666666665
71,3,2,2.5,2.6666666666666665
71,2.6666666666666665,1.6666666666666667,4,3.3333333333333335
71,4,1.3333333333333333,1.5,2
71,4,1,1,1
71,3.3333333333333335,1.6666666666666667,3,2.3333333333333335
71,2.6666666666666665,1.6666666666666667,3.5,3
71,3,2,2.5,3
72,4.333333333333333,1,1,3
72,3.6666666666666665,1,2,1
72,4.333333333333333,1,1,1
72,4.666666666666667,1,1,1
72,4.666666666666667,1,1,1
72,4.333333333333333,1,1,1
72,4.333333333333333,1,1,1
72,4.333333333333333,1,1,1
72,NA,NA,NA,NA
72,4.333333333333333,1,1,1
72,4.333333333333333,1,1,1
72,NA,NA,NA,NA
72,NA,NA,NA,NA
72,4.333333333333333,1,1,1
73,5,1,1,1
73,5,2.3333333333333335,1,1
73,1,3.6666666666666665,3,5
73,NA,NA,NA,NA
73,3,1,3,1
73,3.6666666666666665,2.6666666666666665,1,2.6666666666666665
73,4,1,1,2
73,5,1,3,1
73,5,1,3,1
73,NA,NA,NA,NA
73,4.333333333333333,1,3,1
73,3,1,3,1
73,NA,NA,NA,NA
74,4,1,2.5,1
74,3.3333333333333335,1,3,1
74,3.6666666666666665,1,2.5,1
74,4,1,3,1
74,4.333333333333333,2,2,1.6666666666666667
74,4,1,2,1
74,4,1,2,1
74,4,1,1.5,1
74,4,1,2,1
74,3.6666666666666665,1,1.5,1
74,3,1,2,1
74,2.6666666666666665,2.3333333333333335,4,4
74,2.6666666666666665,3.3333333333333335,3,2.3333333333333335
74,4,2,2,1.3333333333333333
75,5,1,1,1
75,5,1,1,1
75,5,1,1,1
75,5,1,1,1
75,5,1,1,1
75,5,1,1,1
75,5,1,1,1
75,5,1,1,1
75,5,1,1,1
75,5,1,1.5,1
75,5,1.3333333333333333,1,1.6666666666666667
75,5,1,2.5,1
75,5,1,1,1
76,2.6666666666666665,3.3333333333333335,4,2.3333333333333335
76,2.6666666666666665,3,3,2.3333333333333335
76,3.3333333333333335,2,2.5,2.6666666666666665
76,3.6666666666666665,2.3333333333333335,2,3
76,3,3.3333333333333335,2.5,2.3333333333333335
76,3,3.6666666666666665,3,2
76,3.6666666666666665,2.3333333333333335,1.5,1.6666666666666667
76,2,4.333333333333333,2,4
76,3,4,2,3
77,4.333333333333333,1,1,1
77,4,1,2.5,1.3333333333333333
77,4,1,2,1.3333333333333333
77,4,1,2,1
77,4,1,2,1
77,4,1,1.5,1
77,3.6666666666666665,1,2,1
77,3.6666666666666665,1,2,1
77,4.333333333333333,1,2,1
77,4,1,2,1
77,2.6666666666666665,1,1.5,1
77,3.6666666666666665,1,2,1
77,3.3333333333333335,1,1.5,1
78,5,1,1,1
78,3.6666666666666665,1,1,1
78,5,1,1,1
78,5,1,1,1
78,5,1,1,1
78,5,1,1,1
78,NA,NA,NA,NA
78,5,1,1,1
78,5,1,1,1
78,5,1,1,1
78,5,1,1,1
78,5,1,1,1
78,5,1,1,1
78,5,1,1,1
79,4.333333333333333,1,1.5,1
79,4.666666666666667,1,1.5,1
79,5,1,3.5,1
79,4,1,3.5,1.3333333333333333
79,4.333333333333333,1,1,1.3333333333333333
79,NA,NA,NA,NA
79,4,1,2,1
79,4,1,2,1
79,4.666666666666667,1,1.5,1
79,3.6666666666666665,1,1.5,1
79,4.666666666666667,1,1.5,1
79,5,1,1,1
79,5,1,1,1
79,5,1,2.5,1
80,4,1,2,1
80,3.3333333333333335,1,1,1
80,4.333333333333333,1,2.5,1
80,4.333333333333333,1,1,1
80,4,1,3,1
80,4.333333333333333,1,1,1
80,NA,NA,NA,NA
80,3.6666666666666665,1,1,1
80,4.333333333333333,1,2.5,1.6666666666666667
80,4,1.6666666666666667,2,1
80,4,1,1,1
80,3.6666666666666665,1,2,1.3333333333333333
80,3.6666666666666665,1,2.5,1
80,4,1,1.5,2
81,NA,NA,NA,NA
81,NA,NA,NA,NA
81,2.3333333333333335,2,3,1.3333333333333333
81,2.6666666666666665,1.6666666666666667,2.5,2
81,1.6666666666666667,2,2,2
81,3.3333333333333335,2,2.5,1.3333333333333333
81,1.6666666666666667,3.3333333333333335,3,4
81,1.6666666666666667,3.3333333333333335,3.5,4
81,3,2,1.5,3.6666666666666665
81,3.6666666666666665,2,2,2
81,3.3333333333333335,1,1.5,1.3333333333333333
81,3,1,2,1
81,3.6666666666666665,1,1.5,1
81,2,2,2,1.6666666666666667
82,4.333333333333333,1,1.5,1.3333333333333333
82,4,1,1,1.3333333333333333
82,5,2,1.5,2.6666666666666665
82,5,1,1,1.6666666666666667
82,5,1,1,1
82,4.666666666666667,1,2,1.3333333333333333
82,4.666666666666667,1,1,1.3333333333333333
82,4.666666666666667,1,2,1
82,4,1.3333333333333333,1,1.3333333333333333
82,3.6666666666666665,1,1.5,1
82,5,1,1.5,1
82,2.6666666666666665,2.3333333333333335,3,2.3333333333333335
83,1,1,1,1
83,4,1,1,1
83,4,1,1,1
83,4,1,1,2.3333333333333335
83,4,1,1,1
83,4,1,1,1
83,4,1,1,1
83,4.333333333333333,1,1,1
83,3.6666666666666665,1,1,1
83,4,1,1,1
83,4,1,1,1
83,3,1,1,1
83,3.6666666666666665,1.3333333333333333,1,3
83,3.6666666666666665,1.3333333333333333,1,2.3333333333333335
84,3,1,1,1
84,3.3333333333333335,1.3333333333333333,1,1
84,3.6666666666666665,1,1,1
84,3,1,1,1
84,3.3333333333333335,1,1,1
84,3.6666666666666665,1,1,1
84,3.6666666666666665,1,1,1
84,3.6666666666666665,1,1,1
84,3.6666666666666665,1,1,1
84,4.333333333333333,1,1,1
84,4.333333333333333,1,1,1
84,4.333333333333333,1,1,1
84,4,1,1,1
84,3.6666666666666665,1,1,1
85,2.3333333333333335,1,1,1
85,3,1,1,1
85,2,3.3333333333333335,1.5,4
85,2,2.6666666666666665,1,3.6666666666666665
85,3,2.3333333333333335,2,1.6666666666666667
85,3,1,1,1
85,3.6666666666666665,1,1,2.3333333333333335
85,3.3333333333333335,1,1,1
85,4,1,1,1
85,3.3333333333333335,1,1,1
85,4,1,1,1
85,2.6666666666666665,1,1,1
85,3.3333333333333335,1,1,1
86,NA,NA,NA,NA
86,4,1.3333333333333333,2.5,1.6666666666666667
86,5,1,1,1
86,4.666666666666667,2,1,1
86,3,1,1,1
86,4.333333333333333,1,1,1
86,4.333333333333333,1,1,1
86,3.3333333333333335,1,1,1.3333333333333333
86,3.3333333333333335,1,1,1
86,5,1,1,1
86,4,1,1,1
86,3.6666666666666665,1,1,1
87,NA,NA,NA,NA
87,2.3333333333333335,2.6666666666666665,2.5,4
87,4.333333333333333,1,1,1
87,4.333333333333333,1,1,1.6666666666666667
87,4.333333333333333,1,1,1
87,4.333333333333333,1,1,1
87,3.3333333333333335,1,1,1
87,3.3333333333333335,1.6666666666666667,3,3
87,4,1,2.5,1
87,2.6666666666666665,2.3333333333333335,5,3.3333333333333335
87,3.3333333333333335,1,1,1.3333333333333333
87,4.333333333333333,1,2,1.3333333333333333
87,4,1.3333333333333333,2,2
87,3.3333333333333335,1,1,1
88,4,1,1,1
88,3.6666666666666665,1,1,1
88,4.333333333333333,1,1,1
88,5,1,1,1
88,4.333333333333333,1,1,1
88,4.333333333333333,1,1,1
88,4.666666666666667,1,1,1
88,4.333333333333333,1,1,1
88,5,1,1,1
88,5,1,1,1
89,5,1,2,1
89,5,1,2,1
89,3.6666666666666665,2.3333333333333335,1,2.6666666666666665
89,5,1,2,1
89,3,1,1.5,1
89,5,1,1,1
89,2.3333333333333335,3.6666666666666665,1,1.3333333333333333
89,5,1,1,1
89,2,1.3333333333333333,1,2.6666666666666665
89,5,1,1,1
89,4.666666666666667,1,1,1
89,5,2.3333333333333335,1,1
89,NA,NA,NA,NA
89,NA,NA,NA,NA
90,3.3333333333333335,1,1.5,1
90,3,1.6666666666666667,1.5,1.3333333333333333
90,3,1.6666666666666667,2,1.3333333333333333
90,4,1,1.5,1
90,2,1.6666666666666667,1.5,2
90,2,2.6666666666666665,3,2.6666666666666665
90,2,2.3333333333333335,2,2
90,2,1.3333333333333333,2,1
90,3.3333333333333335,1.3333333333333333,1,1
90,NA,NA,NA,NA
90,2,3,2.5,3.3333333333333335
90,NA,NA,NA,NA
90,3,1,1.5,1.3333333333333333
91,5,1,3,1
91,5,1,1,1
91,5,1,1,1
91,5,1,1,1
91,5,1,1,1
91,5,1,1,1
91,5,1,1,1
91,5,1,1,1
91,5,1,1,1
91,5,1,1,1
91,3.6666666666666665,1,1,1
91,5,1,1,1
91,5,1,1,1
92,NA,NA,NA,NA
92,5,1,1,1
92,4,3,1,1
92,4,1,1,1
92,5,1,1,1
92,NA,NA,NA,NA
92,5,1,1,1
92,5,1,1,1
92,5,1,1,1
92,5,1,1,1
92,5,1,1,1
92,5,1,1,1
92,NA,NA,NA,NA
92,5,1,1,1
92,NA,NA,NA,NA
93,3.3333333333333335,1,3.5,1.3333333333333333
93,5,2.3333333333333335,5,2.3333333333333335
93,3.6666666666666665,1,1,2.3333333333333335
93,3.6666666666666665,1,2,1
93,4.666666666666667,1,2.5,1.6666666666666667
93,3,1,2,1
93,2.3333333333333335,1,1,1.6666666666666667
93,3,1,1,1
93,4,2,3,2.3333333333333335
93,5,1,1,1
93,3.6666666666666665,1,1,1
93,4.333333333333333,1,1,1
93,4.333333333333333,1,1,1
93,2.3333333333333335,1.3333333333333333,3,1.6666666666666667
94,5,1,1.5,1.3333333333333333
94,5,1,1.5,1.3333333333333333
94,4.666666666666667,1.6666666666666667,2,1.6666666666666667
94,5,1,1.5,1.3333333333333333
94,5,1,2,1.3333333333333333
94,5,1.3333333333333333,1.5,1.3333333333333333
94,5,1.3333333333333333,1.5,1.3333333333333333
94,5,2,2.5,2
94,5,1.3333333333333333,3.5,2
94,5,1,2.5,1.6666666666666667
95,4.666666666666667,1,1,1
95,5,1,1,1
95,5,1,1,2.3333333333333335
95,5,1,1,1
95,5,1,1,1
95,5,1,1,1
95,5,1,1,1
95,5,1,1,1
95,5,1,1,1
95,5,1,1,1
95,5,1,1,1
95,5,1,1,1
95,5,1,1,1
96,3.3333333333333335,1,2,1.3333333333333333
96,3.3333333333333335,1,1,1
96,4.333333333333333,1,1,1.3333333333333333
96,2.6666666666666665,2,1,1.6666666666666667
96,4,1,1,1
96,3,1,1,1
96,2,1.3333333333333333,1,1.3333333333333333
96,1.6666666666666667,1.6666666666666667,1,3
96,2.3333333333333335,1,1,1
96,1.6666666666666667,2,1,1
96,1.6666666666666667,1.6666666666666667,1,1
96,4.333333333333333,1,1,1
96,2.3333333333333335,1,1,1.6666666666666667
96,2.6666666666666665,1,1,1
96,3.3333333333333335,1,1,1
97,3.6666666666666665,2,1.5,1.6666666666666667
97,3.6666666666666665,1.3333333333333333,1.5,1.6666666666666667
97,3.3333333333333335,2.3333333333333335,1,2
97,NA,NA,NA,NA
97,3,1.3333333333333333,1.5,1.3333333333333333
97,3,1.3333333333333333,4,1
97,3,1.3333333333333333,4,2
97,3.3333333333333335,3,1,1
97,NA,NA,NA,NA
97,3.6666666666666665,1.3333333333333333,1.5,1.3333333333333333
97,3.6666666666666665,1.3333333333333333,1.5,1.6666666666666667
97,2.6666666666666665,3,2.5,2.3333333333333335
97,3,2,1.5,1.3333333333333333
97,2.3333333333333335,2.3333333333333335,2.5,2
98,4,1.3333333333333333,2,1.3333333333333333
98,2.6666666666666665,2.3333333333333335,2.5,2.6666666666666665
98,3.3333333333333335,1,2,1.6666666666666667
98,4,1.6666666666666667,1,1.6666666666666667
98,4,1.6666666666666667,2,2
98,4.333333333333333,1.3333333333333333,2,1
98,4,1.3333333333333333,1.5,2
98,4.666666666666667,2.3333333333333335,1,1
98,4,2.6666666666666665,1,2
98,2.3333333333333335,2,1,1.3333333333333333
98,4,2.3333333333333335,2,1.6666666666666667
98,2.3333333333333335,1,1,1
98,NA,NA,NA,NA
99,NA,NA,NA,NA
99,4,1,1,1
99,3.3333333333333335,1,1,2
99,3.6666666666666665,1,1,1.3333333333333333
99,4,1.6666666666666667,1,2
99,5,1,2.5,1
99,5,1,1,1
99,4,2.3333333333333335,3,3
99,3.3333333333333335,3.6666666666666665,4.5,4
99,3,1.3333333333333333,1,1
99,3.6666666666666665,2.6666666666666665,1.5,2.3333333333333335
99,3,2,2.5,1.6666666666666667
99,4.333333333333333,1,1.5,2.3333333333333335
101,3,3.3333333333333335,2,3
101,NA,NA,NA,NA
101,3,2.3333333333333335,2,2
101,3,3,2,1.6666666666666667
101,3,2.6666666666666665,2,2
101,NA,NA,NA,NA
101,3,2.3333333333333335,2,2
101,2.6666666666666665,2.3333333333333335,2,2
101,2.3333333333333335,2.6666666666666665,2,2
101,NA,NA,NA,NA
101,3,2.3333333333333335,2,2.6666666666666665
101,NA,NA,NA,NA
101,3,3.3333333333333335,2,2
101,2.6666666666666665,3,2,2
102,NA,NA,NA,NA
102,3.6666666666666665,1.3333333333333333,2,1.6666666666666667
102,5,1,2,1
102,3.6666666666666665,1,1,1
102,3,1,1.5,1
102,3.6666666666666665,1,2,1.6666666666666667
102,3,1,1.5,1
102,3.3333333333333335,1.3333333333333333,3,2
102,2.6666666666666665,1,1,1.3333333333333333
102,NA,NA,NA,NA
102,4.333333333333333,1,1,1
102,3.6666666666666665,1,1,1
102,3.3333333333333335,1,1,1
103,2.3333333333333335,4.333333333333333,1,1
103,2.6666666666666665,2.6666666666666665,2,2.3333333333333335
103,NA,NA,NA,NA
103,2.6666666666666665,1,1,1
103,1.3333333333333333,1,1,2.6666666666666665
103,4,1,1,1
103,NA,NA,NA,NA
103,1,3,1,3.3333333333333335
103,NA,NA,NA,NA
103,4.666666666666667,1,1,1
103,NA,NA,NA,NA
104,2.3333333333333335,3.3333333333333335,2,2
104,2.3333333333333335,3.6666666666666665,1.5,1.3333333333333333
104,3,2.6666666666666665,1.5,1.3333333333333333
104,2.6666666666666665,3,1.5,2.6666666666666665
104,2.6666666666666665,3,2,2.3333333333333335
104,NA,NA,NA,NA
104,3,2.6666666666666665,3.5,1.3333333333333333
104,NA,NA,NA,NA
104,3.3333333333333335,2.6666666666666665,2.5,2
104,2.6666666666666665,2.6666666666666665,3,2
104,2.6666666666666665,2.6666666666666665,4,1.3333333333333333
104,2,3.3333333333333335,4,3.3333333333333335
104,2,3,4,3
105,5,1,1,1
105,5,1,1,1
105,5,1,1,1
105,3,1.6666666666666667,1.5,2.3333333333333335
105,5,1,1,1
105,4.333333333333333,1,1.5,1
105,5,1,1,2
105,5,1,1,1
105,4.666666666666667,1,1,2
105,4,1,1,2
105,3,1,1,2.3333333333333335
105,NA,NA,NA,NA
105,2.3333333333333335,2.3333333333333335,1,2
106,3.3333333333333335,1,2,1.3333333333333333
106,3,1,1.5,1
106,4.333333333333333,1.3333333333333333,1,1
106,3,1,1,1
106,3,1.3333333333333333,2,1
106,1.6666666666666667,1.3333333333333333,2,1
106,2.6666666666666665,1,1,1
106,3.6666666666666665,1.3333333333333333,1.5,1
106,3.3333333333333335,1.3333333333333333,2,1
106,2,1.3333333333333333,2,1
106,3.6666666666666665,1.3333333333333333,1.5,1
106,3.6666666666666665,1.3333333333333333,1.5,1
107,3,1,1.5,1
107,3,1.3333333333333333,2,2
107,2.6666666666666665,3,2,5
107,4,1,1,1
107,4,1,1,1
107,4,1,1,1
107,4,1,2,1
107,5,1,1,1
107,5,1,1,1
107,5,1,1,1
107,4.666666666666667,1,2,1
107,5,1,2,1
107,4.666666666666667,1,1,1.6666666666666667
107,5,1,1,1
107,5,1,1.5,1
107,NA,NA,NA,NA
108,3.6666666666666665,1,1,1
108,4.666666666666667,1,1,1
108,5,1,1,1
108,4.666666666666667,2.3333333333333335,1,1
108,5,1,1,1
108,5,2.3333333333333335,1,1
108,3.6666666666666665,2.3333333333333335,1,1
108,3.6666666666666665,2.3333333333333335,1,1
108,NA,NA,NA,NA
108,3.6666666666666665,2.3333333333333335,1,1
108,5,1,1,1
108,NA,NA,NA,NA
108,5,1,1,1
108,5,1,1,1
109,3.6666666666666665,1.6666666666666667,3.5,2
109,4,1.6666666666666667,2,2
109,2,3,2,4
109,1.6666666666666667,3,2,4.333333333333333
109,2.6666666666666665,3,3,3.3333333333333335
109,2,3,2,3.6666666666666665
109,4,2,2,2
109,4.333333333333333,2,2,2
109,4.333333333333333,1,1,1
109,4.333333333333333,2,2,2.6666666666666665
109,4,2,2,2
109,4,1.6666666666666667,1,1
109,4,1,1,1
110,4,2.3333333333333335,2.5,1
110,2.3333333333333335,2,2.5,2.6666666666666665
110,3.3333333333333335,1.6666666666666667,2,2
110,1.6666666666666667,4,2.5,4.333333333333333
110,2,3.3333333333333335,2.5,3.3333333333333335
110,3,4.333333333333333,4.5,4
110,2.6666666666666665,2.6666666666666665,3,2.6666666666666665
110,2,4,4,4
110,2.3333333333333335,3,2,2.6666666666666665
110,2.6666666666666665,2.3333333333333335,2,2.3333333333333335
110,2.3333333333333335,2.3333333333333335,2.5,2.3333333333333335
110,2.3333333333333335,2.6666666666666665,2.5,1.3333333333333333
111,5,1,1,2.3333333333333335
111,5,1,1,1
111,5,1,1,1
111,5,1,1,1
111,5,1,1,1
111,5,1,1,1
111,5,1,1,1
111,5,1,1,1
111,5,1,1,1
111,5,1,1,1
112,3.3333333333333335,1.3333333333333333,1.5,1.3333333333333333
112,3.6666666666666665,1,1.5,1.6666666666666667
112,4.333333333333333,1.3333333333333333,1.5,1.3333333333333333
112,3.6666666666666665,2,1,1.3333333333333333
112,4,1,1,1
112,4,1,1,1
112,4.333333333333333,1,1.5,1
112,4.333333333333333,1,1,1.6666666666666667
112,4.333333333333333,1,1,1
112,3.6666666666666665,1,1,1
112,4.333333333333333,1,1,1
112,4.333333333333333,1,1,1
112,NA,NA,NA,NA
112,4.333333333333333,1,1,1.3333333333333333
113,2.6666666666666665,2,2,2.3333333333333335
113,1.6666666666666667,1,1,2
113,1,1,1,1.6666666666666667
113,2,1,1,1
113,2.6666666666666665,1,1,1
113,1.6666666666666667,1,1,1
113,2,1,1,1
113,1,1,1,1
113,2,1,1,1
113,1,1,1,1
113,2,1,1,1
113,3.3333333333333335,1.6666666666666667,1,3.6666666666666665
113,1,2.3333333333333335,1,2
113,2.3333333333333335,1,1,1
114,2,3,2,1.3333333333333333
114,NA,NA,NA,NA
114,3,1,2,1
114,3,1.3333333333333333,2,1
114,4,1.3333333333333333,2.5,1
114,3,1,2,1
114,1.6666666666666667,2,1,1.3333333333333333
114,2,2.6666666666666665,3,3.3333333333333335
114,1.3333333333333333,3,1,1
114,1.3333333333333333,2.6666666666666665,2,3
114,1,3.3333333333333335,3,3
115,4.333333333333333,1,1,1
115,5,1,1,1
115,3.6666666666666665,1,1,1
115,4.666666666666667,1,1,1
115,3.6666666666666665,1,1,1
115,4.666666666666667,1,1,1
115,4,1,1,1
115,4.666666666666667,1,1,1
115,5,1,1,1
116,3.6666666666666665,1.3333333333333333,1,1.3333333333333333
116,3,1.6666666666666667,1,1.6666666666666667
116,2,3.3333333333333335,1,2
116,2.3333333333333335,2.3333333333333335,1,1.6666666666666667
116,3,1.3333333333333333,1,1
116,2.6666666666666665,1.3333333333333333,1,1
116,1.6666666666666667,2.6666666666666665,1,2.3333333333333335
116,3.6666666666666665,1.6666666666666667,1,1.3333333333333333
116,3,1.6666666666666667,1,1.3333333333333333
116,3.3333333333333335,1,1,1.6666666666666667
116,3.6666666666666665,1.3333333333333333,1,1
116,NA,NA,NA,NA
116,2.6666666666666665,1.6666666666666667,1,2
116,NA,NA,NA,NA
117,3.6666666666666665,1.3333333333333333,3,2.3333333333333335
117,4,1,2.5,1.3333333333333333
117,4,1.3333333333333333,2,1.3333333333333333
117,4,1,1.5,1.3333333333333333
117,4.666666666666667,1,1.5,1.3333333333333333
117,4.333333333333333,1,2,1.3333333333333333
117,4,1,3,1.3333333333333333
117,3.3333333333333335,1,3,1.6666666666666667
117,NA,NA,NA,NA
117,3.6666666666666665,1,3,1.3333333333333333
117,3,3,3.5,2.6666666666666665
117,2,4,3,2
117,3.3333333333333335,2,3,1.6666666666666667
118,5,1,1,1
118,3.6666666666666665,1,1.5,2.6666666666666665
118,3.6666666666666665,1,1.5,2
118,3.6666666666666665,1,1,1
118,3.3333333333333335,1,1,1
118,4.333333333333333,1,1,1
118,5,1,1,1
118,2.6666666666666665,1,1,2
118,3,1,1,2
118,2.3333333333333335,1,1.5,2.6666666666666665
118,3.3333333333333335,1,1,2
118,4.333333333333333,1,1,1
118,4.333333333333333,1,1,1
118,4.333333333333333,1,1,1
120,5,1,1,1
120,NA,NA,NA,NA
120,5,1,1,1
120,3,1,1,1
120,3,1,2,2
120,3,1,1,1
120,2.3333333333333335,3.3333333333333335,2,1.3333333333333333
120,2.6666666666666665,2.3333333333333335,2.5,4
120,4,1,1,1
120,4,1.3333333333333333,1,1.6666666666666667
120,4,1,1,1
120,5,1,1,1
121,NA,NA,NA,NA
121,3,1,1,1
121,3.6666666666666665,1,1.5,1
121,3,1,1,1
121,5,1,1,1
121,3,1,1,1
121,4,1,1,1
121,2.6666666666666665,1,1.5,1
121,NA,NA,NA,NA
121,5,1,1,1
121,5,1,1,1
121,3,1,1,1.3333333333333333
122,2,1.3333333333333333,2.5,1.6666666666666667
122,1.6666666666666667,2.6666666666666665,2.5,3
122,2.3333333333333335,1.3333333333333333,2,3.3333333333333335
122,2.6666666666666665,1,2,2
122,3,1,3.5,1.6666666666666667
122,1.6666666666666667,1.6666666666666667,3.5,2.3333333333333335
122,1.3333333333333333,2,3.5,1.6666666666666667
122,1.6666666666666667,1.6666666666666667,3,4
122,NA,NA,NA,NA
122,NA,NA,NA,NA
122,3,1,3,1.6666666666666667
122,2,1.3333333333333333,4,2.3333333333333335
122,3,2.6666666666666665,4.5,1.6666666666666667
123,5,1,1,1
123,5,1,1,1
123,4.666666666666667,1,1,1
123,5,1,1,1
123,5,1,1,1
123,4.333333333333333,1,1,1
123,4.666666666666667,1,1,1
123,4.333333333333333,1,1,1
123,5,1,1,1
123,NA,NA,NA,NA
123,4.666666666666667,1,1,1
123,4.666666666666667,1,1,1.6666666666666667
123,5,1,1,1
124,3.6666666666666665,1,1.5,1
124,3,1,2.5,2.6666666666666665
124,3,1.3333333333333333,2.5,3
124,2.6666666666666665,1,1,1.6666666666666667
124,3,1,1,2
124,2.6666666666666665,1.3333333333333333,1,4
124,2.6666666666666665,1.3333333333333333,1,1.3333333333333333
124,NA,NA,NA,NA
124,4,1,1,1
124,2.3333333333333335,1,1,2.3333333333333335
124,1.6666666666666667,5,2.5,2.6666666666666665
124,2,4,2.5,1.6666666666666667
124,2.3333333333333335,2.3333333333333335,1.5,2.6666666666666665
124,NA,NA,NA,NA
124,1.6666666666666667,2.3333333333333335,1,1
125,3.3333333333333335,1.3333333333333333,2,1
125,3,1.6666666666666667,2,1
125,4,1.6666666666666667,1.5,1
125,4,2,2,1.3333333333333333
125,4,1.6666666666666667,2,1
125,4.333333333333333,1,1,1
125,4.333333333333333,1.6666666666666667,2,1
125,4,2,2,1
125,4,1.6666666666666667,1.5,1
125,4,2,2,1.3333333333333333
125,4.666666666666667,1,2,1
125,5,1,1,1
125,4.666666666666667,2.3333333333333335,2,1.3333333333333333
126,3.6666666666666665,1.6666666666666667,1,2.3333333333333335
126,1,3.6666666666666665,1,4
126,4.333333333333333,1,1,2.3333333333333335
126,4.666666666666667,1,1,1
126,5,1,1,1
126,4,1,1,1
126,5,1,1,1
126,5,1,1,1
126,4.333333333333333,1,1,1
126,4.333333333333333,1,1,1
126,5,1,1,1
126,NA,NA,NA,NA
127,5,1,1,1
127,3.6666666666666665,1.6666666666666667,2,3
127,5,1,1,1
127,4,1,1,2
127,NA,NA,NA,NA
127,NA,NA,NA,NA
127,NA,NA,NA,NA
127,4.666666666666667,1.3333333333333333,1,2
127,2.6666666666666665,1.6666666666666667,1,2.6666666666666665
127,NA,NA,NA,NA
127,5,1,1,1
127,5,1,1,1
127,NA,NA,NA,NA
127,2.3333333333333335,2,1,5
127,2.3333333333333335,2,1,5
127,NA,NA,NA,NA
129,5,1,1,1
129,5,1,1,1
129,NA,NA,NA,NA
129,5,1,1,1
129,5,1,1,1
129,5,1,1,1
129,5,1,1,1
129,5,1,1,1
129,5,1,1,1
129,5,1,1,1
129,5,1,1,1
129,5,1,1,1
129,5,1,1,1
129,NA,NA,NA,NA
129,5,1,1,1
129,5,1,1,1
130,3,1,1,1
130,2,2.6666666666666665,3,2.6666666666666665
130,3,1,1.5,1.3333333333333333
130,3,1,1,1
130,3,1,1,1
130,4,1,1,1
130,1.6666666666666667,3,3,3
130,2.3333333333333335,4,4,4
130,3,1,1,1
130,4,1,1,1
130,3,2.3333333333333335,2.5,2.6666666666666665
130,3,1.3333333333333333,1,1.3333333333333333
130,NA,NA,NA,NA
131,3,1.3333333333333333,2,1
131,2.3333333333333335,1,1,1
131,3.3333333333333335,1,1,1
131,3.3333333333333335,1,1,1
131,3.3333333333333335,1,1,1
131,4,1,1,1
131,3.3333333333333335,1,1,1
131,3.3333333333333335,1,1,1
131,2.6666666666666665,1,1,1
131,4,1,1,1
131,3.3333333333333335,1,1,1
131,3.3333333333333335,1,1,1
131,3.6666666666666665,1,1,1
131,3.6666666666666665,1,1,1.6666666666666667
131,3.6666666666666665,1,1,1
132,4.333333333333333,1,2.5,1
132,2.3333333333333335,3.3333333333333335,3.5,2.6666666666666665
132,2,4,4,2.6666666666666665
132,3.6666666666666665,1,2,1
132,3.3333333333333335,1,1.5,1
132,3,1,1.5,1
132,2.3333333333333335,2,2.5,2.6666666666666665
132,3.6666666666666665,1,1,1
132,4,1,1,1
132,1,5,5,4.666666666666667
132,1,4.666666666666667,2.5,4
132,3.3333333333333335,2,2,2
132,3.6666666666666665,1.3333333333333333,1,1
132,3.3333333333333335,1.3333333333333333,1,1
134,4.333333333333333,1,1,1
134,5,1,1,1
134,4.333333333333333,1,1,2.6666666666666665
134,5,1,1,1
134,5,1,1,1
134,4.666666666666667,1,1,1
134,4.666666666666667,1,1,1
134,5,1,1,1
134,5,1,1,1
134,5,1,1,1
134,5,1,1,1
134,5,1,1,1
135,3.3333333333333335,1.6666666666666667,2.5,2.3333333333333335
135,3.6666666666666665,1.3333333333333333,1,2.3333333333333335
135,1.6666666666666667,1.6666666666666667,1,3
135,1.3333333333333333,5,4,5
135,2.6666666666666665,3.3333333333333335,1,4.333333333333333
135,2.3333333333333335,4,3.5,3
135,2.3333333333333335,1.6666666666666667,1,1
135,4.666666666666667,1,2,1.3333333333333333
135,3.6666666666666665,1,1,1
135,2.3333333333333335,1,1,1.3333333333333333
135,5,1,1,1.6666666666666667
135,2.3333333333333335,1.6666666666666667,1,1.3333333333333333
135,4,1,2,1.3333333333333333
135,3.6666666666666665,1,1,1
136,2.3333333333333335,3,3,3
136,4,3.3333333333333335,4,3.6666666666666665
136,NA,NA,NA,NA
136,3.6666666666666665,1.6666666666666667,1.5,1.3333333333333333
136,3.3333333333333335,1.6666666666666667,1,1.3333333333333333
136,4.333333333333333,1,3.5,1.3333333333333333
136,3.6666666666666665,1.6666666666666667,1,1.6666666666666667
136,3.6666666666666665,1,1.5,1.3333333333333333
136,4,1.3333333333333333,1.5,1.3333333333333333
136,5,1.3333333333333333,1,1.3333333333333333
136,3.6666666666666665,1,2,1.3333333333333333
137,4.333333333333333,1.3333333333333333,1,1.3333333333333333
137,3.3333333333333335,1.6666666666666667,1,3.6666666666666665
137,4,1.3333333333333333,1,2.3333333333333335
137,5,1,1,1.3333333333333333
137,4.333333333333333,1,1,1
137,4.666666666666667,1,1,1.3333333333333333
137,NA,NA,NA,NA
137,4.333333333333333,1,1,1.6666666666666667
137,4.666666666666667,1,1,2
137,NA,NA,NA,NA
137,5,1,1,1
137,NA,NA,NA,NA
137,3.6666666666666665,1,1,2
138,4.333333333333333,1,1,1.3333333333333333
138,3.6666666666666665,1,1,1
138,5,1,1,1
138,4,1,1,1
138,5,1,1,1
138,3.3333333333333335,1,1.5,1
138,4,1,1,1
138,4,1,1,1
138,4.333333333333333,1,1,1
138,5,1,1,1
138,4,1,1,1.3333333333333333
138,4.333333333333333,1,1,1
138,4,1,1,1
138,5,1,1,1
139,4.666666666666667,1.6666666666666667,2,2
139,4.666666666666667,1,1,1
139,4.666666666666667,1,1,1
139,3.6666666666666665,1,1,1
139,NA,NA,NA,NA
139,3.6666666666666665,1,1,1
139,5,1,1,1
139,5,1,1,1
139,5,2.3333333333333335,1,1
139,5,1,1,1
139,5,1,1,1
139,5,1,1,1
139,3.6666666666666665,1,1,1
139,5,1,1,1
139,5,1,2,1
140,5,1,2.5,1
140,5,1,2,1
140,5,1,1,1
140,5,1,1,1
140,5,1,3,1
140,2.3333333333333335,5,3,4.666666666666667
140,2.3333333333333335,5,3,5
140,1,3.6666666666666665,3,3.6666666666666665
140,4.333333333333333,3,2,1
140,5,1,1.5,1
140,5,1,1.5,1
140,1,5,3.5,5
140,1,5,5,5
141,5,1,1,1
141,4.666666666666667,1,1,1
141,5,1,1,1
141,4.333333333333333,1.3333333333333333,1,1.3333333333333333
141,4.666666666666667,1,1,1.6666666666666667
141,5,1,1,1
141,4,1,1,1.3333333333333333
141,5,1,1,1
141,5,1,1,1
141,5,1,1,1
141,5,1,1,1
141,5,1,1,1
141,5,1,1,1
141,5,1,1,1
142,3,1,2,1.6666666666666667
142,3,2,3,3
142,3,4.333333333333333,5,4.666666666666667
142,NA,NA,NA,NA
142,3,1,2.5,1.3333333333333333
142,3,1,1.5,1
142,2.3333333333333335,1,2.5,1
142,NA,NA,NA,NA
142,2.6666666666666665,1.6666666666666667,1,2
142,NA,NA,NA,NA
142,3.3333333333333335,1,1.5,1
142,3,1,1,1.3333333333333333
142,4,1,1,1
142,3,1.3333333333333333,2,1
143,2,3.3333333333333335,4,1.3333333333333333
143,3,1.6666666666666667,2,1
143,1.6666666666666667,1.3333333333333333,1,1
143,1,4,1,1.3333333333333333
143,1,3,2.5,1.3333333333333333
143,1,3.6666666666666665,2,5
143,1.6666666666666667,1.6666666666666667,2,1.6666666666666667
143,1,3.6666666666666665,2,1.3333333333333333
143,4,1.3333333333333333,3,1
143,1.6666666666666667,1.3333333333333333,1,1
143,1,5,1.5,1
143,1,3,4.5,3.6666666666666665
143,1.6666666666666667,2,1.5,2
143,4.333333333333333,2,4.5,1.6666666666666667
144,4,1,2,1
144,4.333333333333333,1,2,1
144,4,3,1,3
144,3.6666666666666665,1,1,1
144,4,1,1,1
144,4,1,1,1
144,4.333333333333333,1,1,1
144,3.3333333333333335,1,1,2.3333333333333335
144,4,1,1,1
144,4.333333333333333,1,1,1
144,NA,NA,NA,NA
144,4.333333333333333,1,2,1
144,3.6666666666666665,1,1,1
145,NA,NA,NA,NA
145,4,1.3333333333333333,3.5,2.3333333333333335
145,4,1.3333333333333333,1.5,1.3333333333333333
145,4,1,1.5,1
145,4.333333333333333,1,1,1
145,4.666666666666667,1,1,1
145,4,1,2,1.3333333333333333
145,4.333333333333333,1,2,1
145,4,1,1.5,1.3333333333333333
145,3.6666666666666665,1,1,1
145,4,1,1.5,1.3333333333333333
145,5,1,1,1
145,4.333333333333333,1,1,1.6666666666666667
146,5,1,1,1
146,5,1,1,1
146,5,1,1,1
146,5,1,1,1
146,NA,NA,NA,NA
146,5,1,1,1
146,5,1,1,1
146,5,1,1,1
146,5,1,1,1
146,5,1,1,1
146,5,1,1,1
146,5,1,1,1
146,5,1,1,1
146,5,1,1,1
147,4,1.3333333333333333,1.5,1.3333333333333333
147,3.6666666666666665,1,1.5,1
147,4.333333333333333,1,2,1
147,4,1,1,1.3333333333333333
147,3.6666666666666665,2,2.5,1.6666666666666667
147,3.6666666666666665,1.3333333333333333,2,1.6666666666666667
147,3,1,2,1.3333333333333333
147,3.6666666666666665,1,2,1.3333333333333333
147,3.6666666666666665,1,1.5,1.3333333333333333
147,3.3333333333333335,1,1.5,1.3333333333333333
147,3.3333333333333335,1,1,1.3333333333333333
147,3,1,1,1.3333333333333333
147,2.6666666666666665,2.6666666666666665,3,3
147,3,3,2.5,3.3333333333333335
148,5,1,1,1
148,5,1,1,1
148,5,1,1,1
148,5,1,1,1
148,5,1,1,1
148,5,1,1,1
148,5,1,1,1
148,5,1,1,1
148,5,1,1,1
148,5,1,1,1
148,5,1,1,1
148,5,1,1,1
148,5,1,1,1
148,5,1,1,1
149,2.6666666666666665,1.6666666666666667,2,1.3333333333333333
149,2.6666666666666665,1.3333333333333333,2,1.6666666666666667
149,3,1,1,1
149,3.3333333333333335,1,1,1
149,4.333333333333333,1,1.5,1
149,3.3333333333333335,1,1.5,1
149,3.6666666666666665,1,1,1
149,3.6666666666666665,1,1,1
149,4.333333333333333,1,1,1.3333333333333333
149,1.6666666666666667,1,1,1
149,2.6666666666666665,1,1,1
149,2.6666666666666665,1,1,1
149,3.6666666666666665,1,1,1
149,3.3333333333333335,1,1,1
149,4,1,1,1
150,3,2,2.5,2.6666666666666665
150,4,1.3333333333333333,1.5,1.3333333333333333
150,3.3333333333333335,3,2,2.3333333333333335
150,2.6666666666666665,4,3,4
150,3,2.3333333333333335,2.5,2.3333333333333335
150,3.3333333333333335,2,2,2
150,4,2,3,2.3333333333333335
150,2.3333333333333335,3.6666666666666665,3.5,3.6666666666666665
150,4,1,1,1
150,3,2.3333333333333335,2,2.6666666666666665
150,3.3333333333333335,2,2.5,2
150,4.333333333333333,1,1,1
150,4,1,1,1
151,3.6666666666666665,2,1,1
151,3,2.6666666666666665,2.5,2.6666666666666665
151,3,3,3,3
151,2.6666666666666665,1.6666666666666667,1,3.3333333333333335
151,2.3333333333333335,1.6666666666666667,1,3.3333333333333335
151,2.6666666666666665,1,1,2
151,NA,NA,NA,NA
151,3.6666666666666665,1,1,1.3333333333333333
151,2.3333333333333335,1.6666666666666667,3.5,2
151,2.6666666666666665,1.3333333333333333,1,1.6666666666666667
151,3,1.3333333333333333,1,1.6666666666666667
152,3,1,1,1.6666666666666667
152,3,1,1,1
152,3,1,1,1.6666666666666667
152,3,1,1,1.3333333333333333
152,3,1,1,1.3333333333333333
152,3,1,1,1
152,3,1,1,1
152,3,2.3333333333333335,2,3.3333333333333335
152,2.6666666666666665,1,1,1.6666666666666667
152,3,1,1,1
152,3,1,1,1
152,3,1,1,1
152,2.3333333333333335,1,1,1
152,3,1,1,1
152,2.6666666666666665,1,1,1
152,NA,NA,NA,NA
152,NA,NA,NA,NA
152,NA,NA,NA,NA
153,4.333333333333333,1.3333333333333333,2.5,2.6666666666666665
153,3,2,1.5,3.6666666666666665
153,4,1.3333333333333333,1.5,2.6666666666666665
153,4.333333333333333,1,1,1
153,5,1,1,1
153,5,1,1,1
153,4.333333333333333,1,1.5,1
153,4,1.3333333333333333,1,1
153,3.6666666666666665,1,1,1
153,4,1,1,1
153,NA,NA,NA,NA
153,5,1,1,1
153,5,1,1,1
154,4.666666666666667,1.3333333333333333,3,2.6666666666666665
154,2.6666666666666665,3.6666666666666665,5,3.3333333333333335
154,4,1,1.5,1
154,5,1,1,1
154,NA,NA,NA,NA
154,4.666666666666667,2.3333333333333335,4,2.3333333333333335
154,4.333333333333333,1,2.5,1.6666666666666667
154,4,2,3.5,1
154,3.6666666666666665,2.6666666666666665,4,2
154,4,1,2.5,1
154,NA,NA,NA,NA
155,4,2,3.5,2.6666666666666665
155,4.333333333333333,2.3333333333333335,3,4
155,4,2.3333333333333335,4.5,4.333333333333333
155,1.3333333333333333,4.333333333333333,1,2
155,2.3333333333333335,3.3333333333333335,1,2
155,3.3333333333333335,4,1,3
155,4.333333333333333,1.6666666666666667,1,1.6666666666666667
155,4.666666666666667,1.3333333333333333,1,1
155,3.3333333333333335,3,1.5,2
155,3,3.3333333333333335,2.5,1.6666666666666667
155,4,1.6666666666666667,1,1.3333333333333333
155,5,1,1,1
155,5,2,1,2.6666666666666665
156,NA,NA,NA,NA
156,4.333333333333333,1,1.5,1
156,4,1.3333333333333333,1,1.3333333333333333
156,5,1.3333333333333333,1,2.3333333333333335
156,4,1.6666666666666667,1,2
156,3,1,1,1
156,3.6666666666666665,1.6666666666666667,1,2.3333333333333335
156,4,2,2,2
156,4,2,2,1.6666666666666667
156,4,1.3333333333333333,1,1
156,5,1,1,1
156,4,2,2,2
156,3,2.3333333333333335,1,1.6666666666666667
156,5,1,1,1
157,2.3333333333333335,3,2.5,1.6666666666666667
157,3,2.6666666666666665,2.5,1.6666666666666667
157,3,1.6666666666666667,1,1.3333333333333333
157,2.6666666666666665,3,1.5,2
157,3.3333333333333335,1.3333333333333333,1,1
157,3.3333333333333335,1,1,1
157,3.3333333333333335,1,1,1.3333333333333333
157,2.3333333333333335,2.3333333333333335,1,1
157,3,2.6666666666666665,1,1
157,2.6666666666666665,2,1,2.3333333333333335
157,4,1,1,1
157,4,1,1,1.3333333333333333
157,4,1,1,1
157,NA,NA,NA,NA
158,2.3333333333333335,2.6666666666666665,2,2
158,3.3333333333333335,1.6666666666666667,1,1.3333333333333333
158,2.3333333333333335,2.3333333333333335,1,1
158,5,1,1,1
158,1,3.3333333333333335,3.5,3
158,3,2.6666666666666665,1,1.6666666666666667
158,2,4,2.5,2.3333333333333335
158,2.3333333333333335,2.3333333333333335,2.5,1.6666666666666667
159,4.333333333333333,1,1,1.3333333333333333
159,3.6666666666666665,1.6666666666666667,1,2
159,2.6666666666666665,1.3333333333333333,1,2.3333333333333335
159,3.6666666666666665,1,1,2
159,4.666666666666667,1,1,1
159,4.333333333333333,1,1,1
159,4.333333333333333,1,1,1
159,4.333333333333333,1.3333333333333333,1,2.3333333333333335
159,NA,NA,NA,NA
159,4,1,1,1
159,4.333333333333333,1,1,1
159,4,1,1,1
159,4.333333333333333,1.3333333333333333,1,1.3333333333333333
160,2.6666666666666665,1,1,1
160,4.333333333333333,1,1,1
160,4.333333333333333,1,1,1
160,2,2,2,2
160,3,1.6666666666666667,1.5,2.3333333333333335
160,4,1.3333333333333333,1.5,1.3333333333333333
160,2.3333333333333335,1.6666666666666667,2,1.3333333333333333
160,4.333333333333333,1,1,1
160,4,1,1,1
160,4.333333333333333,1,1,1
160,3,1.3333333333333333,2,1.3333333333333333
160,4,1,1,1
160,3.3333333333333335,1.6666666666666667,1,1.6666666666666667
161,4,1,1,1.6666666666666667
161,4,1,1,1
161,2.6666666666666665,2,1,3.3333333333333335
161,3.3333333333333335,1.3333333333333333,1,2.6666666666666665
161,3.6666666666666665,1,1,1
161,4.666666666666667,1,1,1.3333333333333333
161,4,1,1,1.6666666666666667
161,4,1,1,1.3333333333333333
161,4,1.3333333333333333,1,2
161,2.3333333333333335,2.3333333333333335,1,3.6666666666666665
161,4,1,1,1
161,4,1,1,1.3333333333333333
162,NA,NA,NA,NA
162,2,2.6666666666666665,3.5,1
162,3.3333333333333335,2,3,2.6666666666666665
162,4.666666666666667,1,2,1
162,2,1.3333333333333333,2.5,1.6666666666666667
162,3,2,3,1.3333333333333333
162,1.3333333333333333,4.333333333333333,3,2.6666666666666665
162,NA,NA,NA,NA
162,2.6666666666666665,2.3333333333333335,3,1.3333333333333333
162,3.3333333333333335,1.3333333333333333,2.5,1.3333333333333333
162,3,1.3333333333333333,2,1.3333333333333333
162,1.6666666666666667,2.3333333333333335,2,2
162,1.3333333333333333,3.3333333333333335,2,2.3333333333333335
162,2.6666666666666665,1,2.5,1.3333333333333333
163,4,1.3333333333333333,1,3
163,4,1,2.5,1.6666666666666667
163,4,1,1,1
163,4,1,1,1
163,3.3333333333333335,1,2,1
163,4,1,2.5,1
163,3.3333333333333335,1.3333333333333333,1.5,2.3333333333333335
163,NA,NA,NA,NA
163,3.6666666666666665,1,1,1
163,4,1,1,1
163,4,1,1,1
163,4,1,2,1
163,NA,NA,NA,NA
164,3.6666666666666665,1.6666666666666667,1,1
164,2.3333333333333335,1.6666666666666667,1,3
164,3,1,1,1.3333333333333333
164,4,1,1,2
164,4,1,1,1
164,2.6666666666666665,1,1.5,3
164,2.6666666666666665,1.3333333333333333,1,2.3333333333333335
164,3.6666666666666665,1,1,2.6666666666666665
164,3.6666666666666665,1,1,1
164,3.6666666666666665,1,1,2.3333333333333335
164,NA,NA,NA,NA
164,4,1,1,1.3333333333333333
164,3.6666666666666665,1.3333333333333333,1,1
165,NA,NA,NA,NA
165,2.3333333333333335,1.6666666666666667,1,1
165,1,2.6666666666666665,1,1.6666666666666667
165,1.3333333333333333,2.3333333333333335,1.5,1
165,3.3333333333333335,1,1,1
165,3.3333333333333335,1,1,1
165,2,1,1,1
165,3,1,1,1
165,2,1,1,1
165,2.6666666666666665,1,1,1
165,3,1,1,1
165,1,3,1,1
165,4,1,1,1
165,4,1,1,1
166,3,1.6666666666666667,2.5,3
166,2.3333333333333335,3.6666666666666665,2.5,4
166,3.3333333333333335,1.6666666666666667,2,2.3333333333333335
166,3.3333333333333335,2,2,3
166,NA,NA,NA,NA
166,2.6666666666666665,2,2,3
166,NA,NA,NA,NA
166,1.6666666666666667,3.6666666666666665,3,4
166,NA,NA,NA,NA
166,3,3,3,3
166,2.3333333333333335,3.3333333333333335,3.5,3.6666666666666665
166,3,2,2,4
166,NA,NA,NA,NA
166,NA,NA,NA,NA
167,4.666666666666667,1,1,1
167,4,1,1,1
167,3,2,1,3.3333333333333335
167,4,1,1,1
167,4.666666666666667,1,1,1.3333333333333333
167,4.333333333333333,1,1,1.6666666666666667
167,4,1,1,1.3333333333333333
167,4.666666666666667,1,1,1
167,3.6666666666666665,1,1,1
167,NA,NA,NA,NA
167,5,1,1,1
167,4.666666666666667,1,1,1
167,4.333333333333333,1,2.5,1
167,NA,NA,NA,NA
169,3.6666666666666665,1,1,2.3333333333333335
169,4,1,1,3.6666666666666665
169,3.6666666666666665,1,1,2.3333333333333335
169,NA,NA,NA,NA
169,3.6666666666666665,1,1,1.3333333333333333
169,3.6666666666666665,1,1,1
169,4,2,1,1
169,3.3333333333333335,1,1,1
169,4,1.3333333333333333,1,2.3333333333333335
169,3,1,1,3
169,3.6666666666666665,1.3333333333333333,2,1.6666666666666667
169,4.333333333333333,1,1,1
169,4,1,1,1
170,2.3333333333333335,2.6666666666666665,3,1.6666666666666667
170,2.6666666666666665,3,2,4.333333333333333
170,1,3.3333333333333335,2,5
170,2.6666666666666665,2.6666666666666665,2,2
170,4,1,1,1
170,3.3333333333333335,1,1,1
170,4.333333333333333,1,1,1
170,3,1,2,2
170,3,2,2,2
170,1.6666666666666667,3.6666666666666665,4,3.3333333333333335
170,2.3333333333333335,2.6666666666666665,2.5,2
170,2,3.6666666666666665,4,3.3333333333333335
170,3,2,2.5,2
171,3.3333333333333335,1,1.5,1
171,4,1,1,1
171,3.3333333333333335,1,1,1.3333333333333333
171,3.3333333333333335,1,1,1
171,3.6666666666666665,1,1,1
171,3.3333333333333335,1.3333333333333333,1,1
171,2,2,1,3
171,2.6666666666666665,1.3333333333333333,1,1.3333333333333333
171,3,1,1.5,1
171,3,1,1.5,1
171,2.6666666666666665,1.6666666666666667,1,1.6666666666666667
171,2.6666666666666665,1,1,1
171,2.6666666666666665,1.3333333333333333,1.5,1
171,3.3333333333333335,1,1.5,1
171,NA,NA,NA,NA
172,2.3333333333333335,4.333333333333333,4.5,3
172,2.6666666666666665,2.6666666666666665,3.5,1.6666666666666667
172,1.6666666666666667,4,4.5,2.6666666666666665
172,3.3333333333333335,2,4,1.6666666666666667
172,1.6666666666666667,2.6666666666666665,5,3
172,1,5,4,5
172,3,1.6666666666666667,4.5,1
172,1.3333333333333333,4.666666666666667,5,5
172,1,5,5,3
172,2.6666666666666665,1.3333333333333333,3.5,1.3333333333333333
172,1,4.666666666666667,5,4.666666666666667
172,1,5,4.5,4.666666666666667
172,1.6666666666666667,3.6666666666666665,5,4.333333333333333
173,2.6666666666666665,4,2,2
173,3,2.6666666666666665,1.5,2
173,2.6666666666666665,1.6666666666666667,1,1.3333333333333333
173,5,1,2,1.3333333333333333
173,5,1,2.5,1
173,4,1.6666666666666667,1.5,1.6666666666666667
173,5,1,1.5,1
173,4,1.6666666666666667,1,1
173,2,2,1.5,2.6666666666666665
173,3,1.6666666666666667,2,1.6666666666666667
173,3.3333333333333335,1,2.5,1.3333333333333333
173,5,1,1,1
174,3.3333333333333335,3,3,3
174,3.3333333333333335,1,3,1.6666666666666667
174,NA,NA,NA,NA
174,4,3,2,1.6666666666666667
174,2.6666666666666665,2.3333333333333335,2.5,2.3333333333333335
174,3.3333333333333335,1.6666666666666667,2,1
174,2.3333333333333335,2.3333333333333335,2,2.3333333333333335
174,2.6666666666666665,2.3333333333333335,2,2
174,2,4.666666666666667,3.5,2.6666666666666665
174,4,2,2,1.3333333333333333
174,2.6666666666666665,1.3333333333333333,2,1.6666666666666667
174,NA,NA,NA,NA
174,5,2.6666666666666665,2,1.3333333333333333
174,3,2,2.5,2
174,3.3333333333333335,2.6666666666666665,2,1.6666666666666667
175,5,1,1,1
175,5,1,1,1
175,5,1,1,1
175,5,1,1,1
175,NA,NA,NA,NA
175,5,1,1,1
175,5,1,1,1
175,5,1,1,1
175,5,1,1,1
175,5,1,1,1
175,5,1,1,1
176,3.3333333333333335,1,1.5,1
176,NA,NA,NA,NA
176,NA,NA,NA,NA
176,4,1,2,1
176,4.333333333333333,1,2,1
176,3.6666666666666665,1,2,1
176,1.3333333333333333,2,2,1.3333333333333333
176,3,1,1.5,1
176,3,1,2,1.3333333333333333
176,1.6666666666666667,2.3333333333333335,2,1
176,3,1,1.5,1
176,3.6666666666666665,1,1.5,1.3333333333333333
176,4,1,1,1
177,3,1.6666666666666667,1.5,1
177,3,1.6666666666666667,1,1.3333333333333333
177,3.3333333333333335,1,1.5,1.3333333333333333
177,3,1,1,1
177,2,1,3.5,1.3333333333333333
177,3,1,1.5,1.3333333333333333
177,3.3333333333333335,1,1.5,1.3333333333333333
177,3,1,1.5,1.3333333333333333
177,3.3333333333333335,1,1.5,1.3333333333333333
177,3.3333333333333335,1,1,1.3333333333333333
177,3,1.6666666666666667,1,1.6666666666666667
177,2,1.3333333333333333,2,1.3333333333333333
177,3,1,1.5,1.3333333333333333
177,3,1,1.5,1.3333333333333333
177,3,1,1,1.3333333333333333
178,5,1,1,1
178,2.3333333333333335,4,5,3.6666666666666665
178,5,1,1,1
178,5,1,3,1
178,3,3.6666666666666665,3.5,3.3333333333333335
178,3,3,3,3
178,5,2.3333333333333335,1,1
178,4.333333333333333,1,1,1
178,5,1,1,1
178,5,1,1,1
178,4.666666666666667,1,1,1
178,5,2.3333333333333335,4,3
178,5,1,1,1
179,4.666666666666667,1,1,1
179,3.6666666666666665,1.3333333333333333,1.5,3.6666666666666665
179,4.666666666666667,1,1,1
179,4.666666666666667,1,1,1
179,3.6666666666666665,1,1,3.6666666666666665
179,5,1,1,1
179,4.666666666666667,1,1,1
179,4.666666666666667,1,1,1
179,4.666666666666667,1,1,1
179,4.666666666666667,1,1,1
179,4.666666666666667,1,1,1
179,4,1,1,1
179,4.333333333333333,1,1,1
180,3.3333333333333335,1,1,1
180,3,1,1,1
180,1,2,1,4.333333333333333
180,3,1,1,1
180,3,1.3333333333333333,1,1.6666666666666667
180,3.3333333333333335,1,1,1
180,3.6666666666666665,1,1,1
180,2.6666666666666665,1.3333333333333333,1.5,1.6666666666666667
180,2.3333333333333335,1,3.5,4
180,2.6666666666666665,1,2,2
180,2.6666666666666665,1,1,1
180,3,1,1,1
180,3,1,1,1
180,4,1,1,1
181,2.6666666666666665,2,3,2
181,NA,NA,NA,NA
181,2.3333333333333335,3,3,1.3333333333333333
181,2.3333333333333335,1.6666666666666667,1.5,1.6666666666666667
181,2.6666666666666665,1.3333333333333333,2,1.6666666666666667
181,NA,NA,NA,NA
181,3,1.3333333333333333,2,1
181,2.6666666666666665,1,1.5,1
181,2.6666666666666665,1,2,1.3333333333333333
181,2.6666666666666665,1.3333333333333333,2,1.3333333333333333
181,3,1.6666666666666667,2,1.3333333333333333
181,NA,NA,NA,NA
181,2,2.6666666666666665,2,2.3333333333333335
181,3,1.3333333333333333,2,1
181,2,1,3,1
181,NA,NA,NA,NA
182,4,1,1,1
182,4.666666666666667,1,1,1
182,5,1,1,1
182,5,1,1,1
182,5,1,1,1
182,5,1,1,1
182,5,1,1,2.3333333333333335
182,5,1,1,1
182,5,1,1,1
182,5,1,1,1
182,4.666666666666667,1,1,1
182,5,1,1,1
182,5,1,1,1
183,4,1,1,1.3333333333333333
183,2.6666666666666665,3.3333333333333335,3,3.6666666666666665
183,NA,NA,NA,NA
183,1.6666666666666667,3.3333333333333335,2.5,4
183,3,2,1,2.6666666666666665
183,5,1,1,1
183,NA,NA,NA,NA
183,4,1.3333333333333333,1.5,1.3333333333333333
183,NA,NA,NA,NA
183,4,1,1,1
183,4.666666666666667,1,1,1
183,3.3333333333333335,2.3333333333333335,1,2.6666666666666665
183,4.333333333333333,1,1,1
184,NA,NA,NA,NA
184,4,1,1,1
184,4,1,1,1
184,4,1,1.5,1
184,5,1,1,1
184,4.333333333333333,1.6666666666666667,2,1.6666666666666667
184,3,1,1,1
184,4,1,1,1
184,4,1,1,1
184,3,1,1,1
184,3.6666666666666665,1,1,1
184,4,1,1,1
184,4,1,1,1
184,3.3333333333333335,1,1,1
184,NA,NA,NA,NA
185,4,1,2,1
185,4,1,1,1
185,3,2,1,1
185,4,1,1,1
185,3.6666666666666665,1,1.5,1
185,3,2,2,1.3333333333333333
185,2,2,2,1.3333333333333333
185,3.6666666666666665,1,1,1
185,3.3333333333333335,1,1.5,1
185,3,1,1,1
185,4.333333333333333,1,1,1
185,4.333333333333333,1,1,1
185,3.6666666666666665,1,2,1
185,2.3333333333333335,1.3333333333333333,3,1.6666666666666667
185,3,1.6666666666666667,1,1.3333333333333333
186,2.3333333333333335,2,1,2
186,4.666666666666667,1,1,1
186,1.6666666666666667,3.6666666666666665,2.5,3.3333333333333335
186,5,1,1,1
186,3,1,2,2.3333333333333335
186,1.6666666666666667,2,1,3.3333333333333335
186,4,1,1,1.6666666666666667
186,1.6666666666666667,2,1,2.6666666666666665
186,4.333333333333333,1,1,1.6666666666666667
186,3,1,1,2.6666666666666665
186,2.6666666666666665,1,1,1
186,4.666666666666667,1,2.5,1.6666666666666667
186,5,1,1,1
186,4,1,1,1.3333333333333333
187,4.666666666666667,1,2.5,1
187,4.333333333333333,1,2,1
187,4.666666666666667,1,2,1
187,NA,NA,NA,NA
187,5,1,2,1
187,4.666666666666667,1,2,1
187,4.666666666666667,1,2,1
187,4.333333333333333,1,2,1
187,4.666666666666667,1,1.5,1
187,5,1,1.5,1
187,4.666666666666667,1,1.5,1
187,5,1,2,1
187,4.666666666666667,1,1.5,1
187,5,1,1.5,1
187,5,1.6666666666666667,1.5,1
188,3.6666666666666665,2.3333333333333335,2,2.3333333333333335
188,3.6666666666666665,1.3333333333333333,2.5,1.3333333333333333
188,3,1.6666666666666667,2,2
188,2.6666666666666665,1.6666666666666667,2,1.3333333333333333
188,NA,NA,NA,NA
188,3,1,1.5,1
188,2.6666666666666665,1,1.5,1.3333333333333333
188,2.6666666666666665,1.3333333333333333,1.5,1.6666666666666667
188,3,1,1,1.3333333333333333
188,2.6666666666666665,1,1,1
188,1.3333333333333333,2.6666666666666665,2,2.6666666666666665
188,3,1,1,1
188,2.3333333333333335,1,1,1
188,3,1,1,1.3333333333333333
188,NA,NA,NA,NA
189,4.666666666666667,1.3333333333333333,1,1.6666666666666667
189,3.6666666666666665,1,1,1
189,4,1.3333333333333333,1,1
189,3.6666666666666665,1.6666666666666667,1,1.3333333333333333
189,NA,NA,NA,NA
189,3.3333333333333335,1.3333333333333333,1,2
189,4,1,1,1
189,2.6666666666666665,1,1,1.6666666666666667
189,4,1,1,1
189,4.333333333333333,1,1,1.3333333333333333
189,2.6666666666666665,1,1.5,1.3333333333333333
189,3,1,1.5,1.3333333333333333
189,3,1,1,1.3333333333333333
189,4,1.6666666666666667,1,2.3333333333333335
191,4,1,1,3
191,4.333333333333333,1,1,1
191,4.333333333333333,1,1,1
191,3,1.6666666666666667,1,3
191,1.6666666666666667,3,1,4.333333333333333
191,3.6666666666666665,1,1,1.6666666666666667
191,2.6666666666666665,1,1,1.6666666666666667
191,2.6666666666666665,1.6666666666666667,1,1.3333333333333333
191,2.6666666666666665,1,1,1.6666666666666667
191,3.6666666666666665,1,1,1
191,4.333333333333333,1,2,1
191,4,1,1,1
191,4,1,1,1.3333333333333333
192,4.666666666666667,2,2,2
192,3.6666666666666665,1.6666666666666667,3,1
192,4.333333333333333,1.3333333333333333,1,3
192,4,1,1.5,1.6666666666666667
192,4.333333333333333,1.6666666666666667,2.5,1.6666666666666667
192,4.666666666666667,1.3333333333333333,1,1.3333333333333333
192,2.3333333333333335,2.3333333333333335,1,2
192,4.666666666666667,1.3333333333333333,1,1.3333333333333333
192,5,1,1,1
192,4.333333333333333,1.3333333333333333,1,1.3333333333333333
192,4.333333333333333,1.3333333333333333,1,1.3333333333333333
192,3.3333333333333335,2,2.5,1.6666666666666667
192,5,1,1,1
192,4.666666666666667,1,1,1
193,3,1,2,1
193,2,3,1.5,4.333333333333333
193,2.6666666666666665,1,1,1
193,2.3333333333333335,1.6666666666666667,1.5,1.3333333333333333
193,4,1,1,1
193,2.3333333333333335,1,2,2
193,2.3333333333333335,1.3333333333333333,1,1
193,2,1.3333333333333333,1.5,1.6666666666666667
193,2.6666666666666665,1.6666666666666667,1,1
193,2,1.6666666666666667,1.5,1.3333333333333333
193,2.6666666666666665,1,1,1
193,NA,NA,NA,NA
193,NA,NA,NA,NA
193,NA,NA,NA,NA
194,2,1.6666666666666667,2,1.3333333333333333
194,2.3333333333333335,3.3333333333333335,3.5,3
194,3,1.6666666666666667,3,1.6666666666666667
194,1.6666666666666667,2.3333333333333335,2,1.6666666666666667
194,1.6666666666666667,2.3333333333333335,2,1
194,3,1,2,1
194,1.6666666666666667,2.3333333333333335,3,1
194,2.3333333333333335,1.6666666666666667,3,1
194,2.3333333333333335,1,2,1
194,2.3333333333333335,1.6666666666666667,3,1
194,2.3333333333333335,1,3,1
194,NA,NA,NA,NA
194,2.3333333333333335,1.6666666666666667,3,1.6666666666666667
194,1.6666666666666667,1.6666666666666667,3,1
194,NA,NA,NA,NA
195,NA,NA,NA,NA
195,4,1,2,3.6666666666666665
195,4,1,1,1
195,4,1,1,1
195,4,1,1,1
195,3.6666666666666665,1,1,1
195,4,1,1,1
195,4,1,2.5,1
195,4.333333333333333,1,1,1
195,5,1,2,1
195,5,1,3,1
195,4,1,1,1
196,5,1,1.5,1.3333333333333333
196,NA,NA,NA,NA
196,NA,NA,NA,NA
196,3,1.6666666666666667,1,2
196,3.3333333333333335,1,1,1
196,NA,NA,NA,NA
196,NA,NA,NA,NA
196,NA,NA,NA,NA
196,2.6666666666666665,1,1,1
196,NA,NA,NA,NA
196,2.3333333333333335,1,1,1.3333333333333333
196,NA,NA,NA,NA
196,NA,NA,NA,NA
196,NA,NA,NA,NA
197,4.666666666666667,1.6666666666666667,1,1
197,5,1.6666666666666667,1,1
197,5,1,1,1
197,5,1,1,1
197,5,1,1,1
197,5,1,1,1
197,NA,NA,NA,NA
197,5,1,1,1
197,5,1,1,1
197,5,1,1,1
197,5,1,1,1
197,5,1,1,1
197,5,1,1,1
198,5,1,1,1.3333333333333333
198,5,1,1,1
198,5,1.3333333333333333,1,1
198,5,1.3333333333333333,1,1.3333333333333333
198,5,1.3333333333333333,1,1
198,5,1.3333333333333333,1,1.3333333333333333
198,5,1,1,1
198,NA,NA,NA,NA
198,5,1,1,1
198,5,1.6666666666666667,1,1.3333333333333333
198,5,1,1,1
198,5,1,1,1
198,5,1,1,1
198,5,1.3333333333333333,1,1.3333333333333333
198,5,1,1,1.6666666666666667
200,2.3333333333333335,1.3333333333333333,4.5,1.3333333333333333
200,NA,NA,NA,NA
200,2.3333333333333335,1,4,1
200,NA,NA,NA,NA
200,2.6666666666666665,1,1,1
200,3,1,1,1.3333333333333333
200,2,1,1,1.6666666666666667
200,2.3333333333333335,1,1.5,1.6666666666666667
200,3,1,1,1
200,1.6666666666666667,1,1,1
200,3,1,1,1
200,3,1,1,1
201,4,1,1,1
201,4.333333333333333,1,1,1
201,3.6666666666666665,1,1,1
201,NA,NA,NA,NA
201,5,1,1,1
201,5,1,1,1
201,5,1,1,1
201,5,1,1,1
201,5,1,1,1
201,5,1,1,1
201,5,1,1,1
201,5,1,1,1
201,NA,NA,NA,NA
201,5,1,1,1
202,5,1,1,1
202,3.6666666666666665,2,1.5,2.3333333333333335
202,5,1,1,1
202,3,3,3,3
202,5,1,1,1
202,4.333333333333333,3,2.5,2.6666666666666665
202,3,3,3,3
202,2.6666666666666665,2.6666666666666665,3,3.6666666666666665
202,4,1,1,1
202,5,1,1,1
203,4.333333333333333,1,1,1
203,3,2.3333333333333335,1.5,1
203,3,1.6666666666666667,2.5,1.6666666666666667
203,2.3333333333333335,3.3333333333333335,2.5,4.333333333333333
203,3,3.3333333333333335,2,3.3333333333333335
203,3,2.6666666666666665,1.5,2.6666666666666665
203,2.3333333333333335,2.6666666666666665,3,4
203,2.6666666666666665,3,3.5,3.6666666666666665
203,3,3,3,3
203,4,2,1.5,2.6666666666666665
203,3,3,3,3
203,4,1,2,1
203,3.6666666666666665,2.3333333333333335,3.5,1.3333333333333333
203,2,4,3,3
206,3,1,1,1
206,2.6666666666666665,1,1,1
206,1.3333333333333333,1,1,1
206,1,1,1,1
206,1.3333333333333333,1,1,1
206,1,1,1,3
206,1,1,1,1
206,2.3333333333333335,1,1,1
206,1.6666666666666667,1,1,1
206,1,1,1,1.3333333333333333
206,1,1,1,1
206,1,2,1,1
206,1,1,1,1
207,3.3333333333333335,1.3333333333333333,3,1.3333333333333333
207,4,1.6666666666666667,3,1.6666666666666667
207,1,4,3.5,4.333333333333333
207,2.6666666666666665,1.6666666666666667,3.5,1
207,2,4,3,4.666666666666667
207,2.3333333333333335,3,4.5,1.3333333333333333
207,NA,NA,NA,NA
207,2,2.3333333333333335,3.5,2
207,2,2.6666666666666665,4,2.3333333333333335
207,2.3333333333333335,4,4,4
207,3,2,2.5,1.3333333333333333
207,3.3333333333333335,1.3333333333333333,2,1
207,2.3333333333333335,2.6666666666666665,3.5,3
207,3,1,3,1
207,3.3333333333333335,1,3,1.3333333333333333
209,4.333333333333333,1,1.5,1.3333333333333333
209,4,1,1,1
209,4,1,1,1
209,4,1,1,1
209,5,1,1,1
209,4,1,1,1
209,5,1,1,1
209,4,1,1,1
209,4,1,1,1
209,4,1,1,1
209,5,1,1,1
209,5,1,1,1
209,5,1,1,1
209,4.333333333333333,1,1,1.3333333333333333
210,3.6666666666666665,1.6666666666666667,1.5,1
210,4,1.3333333333333333,1,1.3333333333333333
210,4,2.3333333333333335,1,1
210,3.6666666666666665,1.3333333333333333,1,1
210,3,1.6666666666666667,1,1
210,3,2.3333333333333335,1,1.3333333333333333
210,3.6666666666666665,1,1,1
210,4,1,1,1
210,4,1,1,1
210,4,1,1,1.3333333333333333
210,3,1.3333333333333333,1,1.3333333333333333
210,3.3333333333333335,1,1,1
210,3,1,1,1.3333333333333333
210,3.3333333333333335,1,1,1.3333333333333333
211,4,1.3333333333333333,2.5,1
211,4,1,2,1.3333333333333333
211,3,1.6666666666666667,2,1
211,4,2,2.5,1
211,2.6666666666666665,4,2,1
211,3,3,2.5,2.6666666666666665
211,4,2,2,1
211,3,2.6666666666666665,3,1
211,3,3.6666666666666665,2,1
211,4,2,2.5,1
211,3.6666666666666665,2,3.5,2.3333333333333335
211,2.6666666666666665,3.6666666666666665,4.5,4
212,2.3333333333333335,4.666666666666667,2,4
212,3,3.3333333333333335,2,4
212,3.6666666666666665,1.6666666666666667,1,1.3333333333333333
212,4,2,2,1.6666666666666667
212,3.3333333333333335,1.3333333333333333,1,1.3333333333333333
212,4.333333333333333,1,1,1
212,4.333333333333333,1.6666666666666667,2.5,3
212,4.666666666666667,1,2,1.6666666666666667
212,2.3333333333333335,3,3,3
212,4.666666666666667,1.6666666666666667,1,2
212,3.6666666666666665,1.3333333333333333,2,1.6666666666666667
212,2.3333333333333335,5,2.5,3
212,4.333333333333333,1,2.5,1
214,4,1,1,1.3333333333333333
214,4.333333333333333,1,1,1
214,4,1,1,1
214,3.6666666666666665,2.3333333333333335,1,1
214,4.666666666666667,1,1,1
214,4.333333333333333,1,2.5,1
214,4,1,2,1
214,4.333333333333333,1,2,1
214,4,1,1.5,1.3333333333333333
214,3.6666666666666665,1.3333333333333333,3,1
214,4.333333333333333,1.3333333333333333,2,2
214,4.666666666666667,1.6666666666666667,3,1.6666666666666667
214,3,1.6666666666666667,2,2
