id,time,daily_PA,collaboration,age,daily_NA
1,0,2.6666666666666665,4,59,1.7777777777777777
1,1,3,2,59,1.4444444444444444
1,2,3.3333333333333335,2,59,1.3333333333333333
1,3,3,2,59,1.4444444444444444
1,4,3,2,59,1.5555555555555556
1,5,2.3333333333333335,4,59,3.0555555555555554
1,6,2.6666666666666665,1,59,1.3333333333333333
1,7,NA,NA,59,NA
1,8,1.3333333333333333,3,59,1.4444444444444444
1,9,2.3333333333333335,2,59,1.4444444444444444
1,10,1.3333333333333333,3,59,1.5555555555555556
1,11,1.6666666666666667,2,59,1.4444444444444444
1,12,1.3333333333333333,3,59,1.5555555555555556
1,13,NA,NA,59,NA
2,0,5,5,56,1
2,1,5,5,56,1
2,2,5,4,56,1
2,3,NA,NA,56,NA
2,4,5,4,56,1.1666666666666667
2,5,5,5,56,1
2,6,5,5,56,1
2,7,NA,NA,56,NA
2,8,5,4,56,1
2,9,5,4,56,1
2,10,NA,NA,56,NA
2,11,5,4,56,1
2,12,NA,NA,56,NA
2,13,5,4,56,1
3,0,4,3,62,1.2777777777777777
3,1,4,3,62,1
3,2,4,3,62,1
3,3,4,3,62,1.1111111111111112
3,4,4.333333333333333,3,62,1
3,5,4.333333333333333,3,62,1
3,6,4,3,62,1
3,7,4,3,62,1
3,8,4,3,62,1.1111111111111112
3,9,4.333333333333333,3,62,1
3,10,3,3,62,1.222222222222222
3,11,4,3,62,1
3,12,4,3,62,1
3,13,4,3,62,1
4,0,5,5,66,1.6666666666666667
4,1,NA,NA,66,NA
4,2,5,5,66,1
4,3,5,5,66,1
4,4,5,4,66,1.6666666666666667
4,5,5,5,66,1
4,6,5,5,66,1
4,7,5,5,66,1
4,8,5,5,66,1.3888888888888888
4,9,5,5,66,1
4,10,5,5,66,1
4,11,5,5,66,1
4,12,5,5,66,1
4,13,5,5,66,1
4,15,5,5,66,1
5,0,NA,NA,66,NA
5,1,4,3,66,1.4444444444444444
5,2,4,3,66,1.4444444444444444
5,3,4,3,66,1
5,4,4,2,66,1
5,5,4,3,66,1
5,6,4,3,66,1
5,7,4,2,66,1
5,8,4,2,66,1
5,9,4,3,66,1
5,10,4,2,66,1
5,11,4,2,66,1
5,12,4,3,66,1
5,13,4,3,66,1
6,0,3.3333333333333335,4,43,1.3333333333333333
6,1,3.6666666666666665,5,43,1.5555555555555556
6,2,3,4,43,1.2222222222222223
6,3,4,3,43,1.2222222222222223
6,4,3.6666666666666665,4,43,1.4444444444444444
6,5,3,3,43,1.7777777777777777
6,6,3,3,43,1.1111111111111112
6,7,2.6666666666666665,4,43,1.5555555555555556
6,8,3,4,43,1.4444444444444444
6,9,3.6666666666666665,4,43,1.4444444444444444
6,10,3.3333333333333335,4,43,1.3333333333333333
6,11,3,4,43,1.5555555555555556
6,12,3.3333333333333335,3,43,1.1111111111111112
7,0,4,1,49,1.4444444444444444
7,1,4,1,49,1
7,2,4.666666666666667,3,49,1
7,3,4,5,49,1
7,4,5,1,49,1
7,5,4.666666666666667,3,49,1
7,6,4.333333333333333,1,49,1.1666666666666667
7,7,5,2,49,1
7,8,4,5,49,1
7,9,NA,NA,49,NA
7,10,5,1,49,1
8,0,2.3333333333333335,3,41,1.4444444444444444
8,1,1.6666666666666667,3,41,1.5555555555555556
8,2,3,3,41,1.222222222222222
8,3,1.6666666666666667,1,41,2.6666666666666665
8,4,3,3,41,2.2777777777777777
8,5,2.6666666666666665,3,41,1.9444444444444444
8,6,2.6666666666666665,3,41,2.111111111111111
8,7,3.3333333333333335,3,41,1.9444444444444444
8,8,2.6666666666666665,2,41,2.2777777777777777
8,9,2.6666666666666665,2,41,1.8888888888888888
8,10,3.6666666666666665,3,41,2
8,11,3.6666666666666665,2,41,1.8888888888888888
8,12,3.6666666666666665,2,41,1.2777777777777777
9,0,4.333333333333333,4,69,1.1666666666666667
9,1,4.333333333333333,3,69,1
9,2,4.333333333333333,2,69,1
9,3,4,2,69,1
9,4,4.666666666666667,1,69,1
9,5,4.666666666666667,3,69,1.1666666666666667
9,6,4.333333333333333,2,69,1
9,7,4.666666666666667,2,69,1
9,8,5,2,69,1
9,9,4.666666666666667,2,69,1
9,10,4.666666666666667,2,69,1
9,11,4.666666666666667,1,69,1
9,12,4.666666666666667,2,69,1
9,13,4.333333333333333,2,69,1
9,14,NA,NA,69,NA
10,0,3,1,48,1
10,1,3,1,48,1
10,2,2.3333333333333335,2,48,1
10,3,2,2,48,1.5555555555555556
10,4,1,1,48,1.888888888888889
10,5,1.3333333333333333,1,48,1.2222222222222223
10,6,1.3333333333333333,2,48,1
10,7,2.6666666666666665,2,48,1
10,8,2.6666666666666665,1,48,1.2222222222222223
10,9,2.6666666666666665,4,48,1.2222222222222223
10,10,1.6666666666666667,2,48,1.1111111111111112
10,11,4.666666666666667,3,48,1.6666666666666667
10,12,2.6666666666666665,1,48,1.1111111111111112
11,0,4.333333333333333,1,42,2.4444444444444446
11,1,4.333333333333333,1,42,2
11,2,2.6666666666666665,1,42,2.7777777777777777
11,3,2,1,42,4
11,4,3,1,42,4.111111111111111
11,5,4,1,42,3.7777777777777777
11,6,4.666666666666667,1,42,4
11,7,3.6666666666666665,1,42,4.388888888888889
11,8,4,1,42,4.388888888888889
11,9,2.6666666666666665,1,42,1.3888888888888888
11,10,3,1,42,4.388888888888889
11,11,3,2,42,3.055555555555556
11,12,4,1,42,3.611111111111111
12,0,4.333333333333333,2,77,1.2777777777777777
12,1,4.333333333333333,4,77,1
12,2,3.6666666666666665,2,77,1.1666666666666667
12,3,4,2,77,1.5555555555555556
12,4,4,3,77,1.5555555555555556
12,5,4.666666666666667,1,77,1
12,6,4.333333333333333,2,77,1.6111111111111112
12,7,4,4,77,1.3333333333333333
12,8,5,3,77,1
12,9,4,4,77,1
12,10,5,2,77,1
12,11,5,2,77,1.1111111111111112
12,12,4.666666666666667,2,77,1.1111111111111112
12,13,3.6666666666666665,2,77,2.5555555555555554
13,0,5,5,37,1.6666666666666667
13,1,3.6666666666666665,4,37,1.3333333333333333
13,2,4,5,37,1.5
13,3,4,4,37,1.5
13,4,5,3,37,1.6666666666666667
13,5,3.6666666666666665,3,37,1.5
13,6,3.6666666666666665,1,37,1.8333333333333333
13,7,1,2,37,3.2222222222222223
14,0,2,2,57,3.5555555555555554
14,1,NA,NA,57,NA
14,2,1.3333333333333333,4,57,1.8333333333333333
14,3,2,2,57,2.3333333333333335
14,4,1.6666666666666667,2,57,1.6111111111111112
14,5,1.6666666666666667,2,57,1.8333333333333333
14,6,1.3333333333333333,4,57,1.6111111111111112
14,7,1,2,57,1.3333333333333333
14,8,2,2,57,2.6666666666666665
14,9,2,2,57,2.111111111111111
14,10,2,2,57,2.3333333333333335
14,11,2,2,57,2.2222222222222223
14,12,2,3,57,2.2777777777777777
14,13,2,2,57,2.2222222222222223
15,0,4.666666666666667,5,39,1
15,1,5,3,39,1
15,2,5,5,39,1
15,3,5,5,39,1
15,4,5,4,39,1.6666666666666667
15,5,5,5,39,1
15,6,5,5,39,1.6666666666666667
15,7,3.6666666666666665,5,39,1
15,8,5,5,39,1.4444444444444444
15,9,3.6666666666666665,3,39,1
15,10,3.6666666666666665,4,39,1
15,11,4.666666666666667,3,39,1
15,12,5,3,39,1
15,13,3.6666666666666665,3,39,1
16,0,2.6666666666666665,2,56,2.611111111111111
16,1,2.3333333333333335,1,56,1.4444444444444444
16,2,2.6666666666666665,1,56,1.6666666666666667
16,3,2.3333333333333335,1,56,2.111111111111111
16,4,3,1,56,2.3333333333333335
16,5,3.6666666666666665,1,56,1.1111111111111112
16,6,2.6666666666666665,1,56,1.5555555555555556
16,7,1.6666666666666667,2,56,1.1111111111111112
16,8,2,2,56,1.5555555555555556
16,9,2.3333333333333335,1,56,1.7777777777777777
16,10,3,1,56,1.222222222222222
16,11,2.6666666666666665,1,56,1
16,12,1.6666666666666667,3,56,1
16,13,2,1,56,1
17,0,NA,NA,57,NA
17,1,3.6666666666666665,1,57,1
17,2,2,1,57,3.0555555555555554
17,3,2.6666666666666665,1,57,1
17,4,4.666666666666667,1,57,1
17,5,4,1,57,1.5555555555555556
17,6,3.3333333333333335,1,57,1
17,7,5,1,57,1.1666666666666667
17,8,3,1,57,2.166666666666667
17,9,4.666666666666667,1,57,1.3333333333333333
17,10,5,1,57,1.5
17,11,5,1,57,1.1111111111111112
17,12,3.3333333333333335,1,57,1.3333333333333333
18,0,3,2,72,2.4444444444444446
18,1,2.6666666666666665,4,72,1.8888888888888888
18,2,3,2,72,2.2222222222222223
18,3,4,3,72,2.5
18,4,4,3,72,4
18,5,2.3333333333333335,3,72,1.8888888888888888
18,6,2.3333333333333335,1,72,2.2777777777777777
18,7,5,1,72,1.8333333333333333
18,8,4.333333333333333,1,72,2.666666666666667
18,9,2.3333333333333335,1,72,2
18,10,3,1,72,2.7777777777777777
18,11,3.3333333333333335,1,72,4.055555555555555
18,12,3.3333333333333335,1,72,1.4444444444444444
19,0,4.666666666666667,3,64,1
19,1,4.666666666666667,1,64,1
19,2,4.333333333333333,1,64,1.1111111111111112
19,3,4.666666666666667,1,64,1
19,4,4.666666666666667,1,64,1
19,5,NA,NA,64,NA
19,6,4.666666666666667,1,64,1
19,7,NA,NA,64,NA
19,8,4.666666666666667,1,64,1.4444444444444444
19,9,4.666666666666667,1,64,1
19,10,4.666666666666667,1,64,1.1111111111111112
19,11,4.333333333333333,1,64,1
19,12,4.666666666666667,1,64,1
19,13,4.666666666666667,1,64,1
19,14,NA,NA,64,NA
20,0,3.3333333333333335,2,43,1.2777777777777777
20,1,4,1,43,1.4444444444444444
20,2,3.3333333333333335,1,43,1
20,3,3,1,43,1.2777777777777777
20,4,3,1,43,1.6111111111111112
20,5,1.6666666666666667,2,43,1.7777777777777777
20,6,3.6666666666666665,2,43,1.3333333333333333
20,7,2.3333333333333335,2,43,1.8333333333333333
20,8,3.3333333333333335,2,43,1.6111111111111112
20,9,3,1,43,2.388888888888889
20,10,3,1,43,2.3333333333333335
20,11,3.6666666666666665,1,43,2.7777777777777777
20,12,3.3333333333333335,2,43,2.388888888888889
20,13,NA,NA,43,NA
21,0,3,3,57,2
21,1,3,3,57,3.5
21,2,3,3,57,3
21,3,3,3,57,3
21,4,3,2,57,3
21,5,3,2,57,3
21,6,3,2,57,3
21,7,3.6666666666666665,2,57,3
21,8,3,2,57,3
21,9,3,2,57,3
21,10,3,2,57,3
21,11,3,2,57,3
21,12,3,2,57,3
22,0,1.6666666666666667,1,59,2.944444444444444
22,1,1.3333333333333333,4,59,3.4444444444444446
22,2,3.6666666666666665,2,59,2.2222222222222223
22,3,2.6666666666666665,2,59,2
22,4,2.6666666666666665,3,59,1
22,5,3.3333333333333335,4,59,1.9444444444444444
22,6,2,2,59,3.0555555555555554
22,7,3.3333333333333335,1,59,1.8333333333333333
22,8,2,2,59,2.611111111111111
22,9,3.6666666666666665,3,59,1.1111111111111112
22,10,3,1,59,1.3888888888888888
22,11,3.6666666666666665,2,59,1.1111111111111112
22,12,3.6666666666666665,4,59,1.2777777777777777
22,13,3.3333333333333335,1,59,1.3888888888888888
23,0,5,3,52,1
23,1,5,3,52,1
23,2,5,1,52,1
23,3,5,2,52,1
23,4,5,2,52,1
23,5,5,2,52,1.1111111111111112
23,6,4.666666666666667,2,52,1.1111111111111112
23,7,5,1,52,1.1111111111111112
23,8,5,2,52,1.1111111111111112
23,9,5,2,52,1.1111111111111112
23,10,5,2,52,1
23,11,4,3,52,1.1111111111111112
23,12,5,1,52,1.1111111111111112
24,0,3.6666666666666665,2,63,2.111111111111111
24,1,4,2,63,1
24,2,3.3333333333333335,3,63,1.2222222222222223
24,3,3.3333333333333335,2,63,1.3333333333333333
24,4,3.6666666666666665,1,63,1
24,5,4,1,63,1
24,6,3,1,63,1.5555555555555556
24,7,4,1,63,1
24,8,4,1,63,1
24,9,3,2,63,1.2222222222222223
24,10,3.3333333333333335,1,63,1.3333333333333333
24,11,4,1,63,1
24,12,4,1,63,1
25,0,4,1,63,1
25,1,3.6666666666666665,3,63,1
25,2,4,4,63,1.3333333333333333
25,3,3.6666666666666665,3,63,2.2777777777777777
25,4,3,3,63,1.6666666666666665
25,5,3,3,63,1.7777777777777777
25,6,3.3333333333333335,3,63,1.6666666666666667
25,7,3.3333333333333335,3,63,1.722222222222222
25,8,3.3333333333333335,2,63,1.8333333333333333
25,9,3,2,63,1.7777777777777777
25,10,3.6666666666666665,3,63,1.5
25,11,3,3,63,1.5
25,12,4,2,63,1.2222222222222223
25,13,3.3333333333333335,3,63,1.2222222222222223
26,0,4.666666666666667,5,60,1.6666666666666667
26,1,4.666666666666667,5,60,1.3333333333333333
26,2,4,5,60,1
26,3,5,5,60,1
26,4,4.666666666666667,5,60,1
26,5,5,4,60,1.8333333333333333
26,6,4,4,60,1.2222222222222223
26,7,4,5,60,1
26,8,4.333333333333333,4,60,1.2222222222222223
27,0,4.333333333333333,2,58,1
27,1,4.333333333333333,2,58,1
27,2,4.333333333333333,3,58,1
27,3,4.333333333333333,3,58,1
27,4,4,3,58,1
27,5,4,2,58,1
27,6,4,2,58,1
27,7,4,2,58,1
27,8,4,3,58,1.3888888888888888
27,9,4,2,58,1
27,10,4,2,58,1
27,11,4,3,58,1
27,12,3.3333333333333335,3,58,1.1111111111111112
27,13,5,2,58,1
28,0,4.333333333333333,5,63,1.3333333333333333
28,1,4.666666666666667,2,63,1.1111111111111112
28,2,4.666666666666667,5,63,1.2222222222222223
28,3,4.333333333333333,5,63,1
28,4,4,2,63,1.2777777777777777
28,5,4.333333333333333,4,63,1.1111111111111112
28,6,4.333333333333333,2,63,1.3333333333333333
28,7,4.666666666666667,5,63,1
28,8,5,2,63,1.1111111111111112
28,9,4.333333333333333,2,63,1.1666666666666667
28,10,3.6666666666666665,1,63,1
28,11,4,1,63,1
28,12,4.333333333333333,1,63,1
28,13,4,5,63,1
29,0,3.6666666666666665,1,59,1.777777777777778
29,1,2.6666666666666665,1,59,2.4444444444444446
29,2,3.3333333333333335,3,59,1
29,3,3.6666666666666665,2,59,1.5555555555555556
29,4,3.3333333333333335,2,59,1.5555555555555556
29,5,4.333333333333333,3,59,1
29,6,4.333333333333333,2,59,1
29,7,3,1,59,1.4444444444444444
29,8,3.6666666666666665,1,59,1
29,9,4.666666666666667,2,59,1
29,10,4.333333333333333,1,59,1
30,0,3,2,62,2.8333333333333335
30,1,2.6666666666666665,4,62,2.4444444444444446
30,2,2.3333333333333335,2,62,2.2777777777777777
30,3,2,1,62,3.0555555555555554
30,4,3,2,62,2
30,5,2.3333333333333335,4,62,2.388888888888889
30,6,2,4,62,2.5
30,7,3,3,62,2
30,8,3,3,62,2
30,9,2,4,62,2.7777777777777777
30,10,2,4,62,2.5
30,11,3,4,62,2
30,12,2,1,62,3.611111111111111
30,13,2.6666666666666665,2,62,2.2777777777777777
31,0,3,3,43,1.6666666666666667
31,1,2.6666666666666665,2,43,1.6666666666666667
31,2,3,2,43,1.1111111111111112
31,3,2.6666666666666665,3,43,1.1111111111111112
31,4,2.3333333333333335,2,43,1.3333333333333333
31,5,3,3,43,1
31,6,2,2,43,2.111111111111111
31,7,3,3,43,1.2222222222222223
31,8,2,3,43,2.3333333333333335
31,9,2,2,43,2.3333333333333335
31,10,3,4,43,1.3333333333333333
31,11,3,3,43,1
31,12,3,3,43,1.1111111111111112
31,13,3.6666666666666665,4,43,1
32,0,3.3333333333333335,3,43,1.1666666666666667
32,1,4,1,43,1.3888888888888888
32,2,3.6666666666666665,1,43,1.1666666666666667
32,3,4,3,43,1
32,4,3.3333333333333335,1,43,1.1111111111111112
32,5,3.6666666666666665,1,43,1
32,6,NA,NA,43,NA
32,7,1.6666666666666667,1,43,2.5555555555555554
32,8,3.6666666666666665,3,43,1.1666666666666667
32,9,4.333333333333333,1,43,1.222222222222222
32,10,3.3333333333333335,1,43,1.2222222222222223
32,11,3.3333333333333335,3,43,1.3333333333333333
32,12,3.6666666666666665,3,43,1.1666666666666667
32,13,4,4,43,2.1666666666666665
33,0,3,2,53,2.4444444444444446
33,1,4,1,53,2
33,2,3,1,53,2.7777777777777777
33,3,5,1,53,1
33,4,5,1,53,1
33,5,5,1,53,1.3333333333333333
33,6,NA,NA,53,NA
33,7,4,1,53,2.4444444444444446
33,8,3.6666666666666665,1,53,1.1111111111111112
33,9,5,1,53,1.8333333333333335
33,10,3,1,53,3.0555555555555554
33,11,3,1,53,1.3888888888888888
34,0,3.6666666666666665,3,45,1.3333333333333333
34,1,4.333333333333333,1,45,1.3333333333333333
34,2,4.333333333333333,1,45,1
34,3,5,2,45,1
34,4,5,4,45,1
34,5,2.6666666666666665,2,45,2.388888888888889
34,6,3.3333333333333335,2,45,1.5555555555555556
34,7,4,1,45,1.1111111111111112
34,8,3.6666666666666665,2,45,1
34,9,3.6666666666666665,4,45,1
34,10,4.333333333333333,2,45,1
34,11,4.666666666666667,2,45,1
34,12,3.6666666666666665,2,45,1.1111111111111112
35,0,3.3333333333333335,4,61,1.5555555555555556
35,1,2.6666666666666665,3,61,1.5555555555555556
35,2,3,2,61,1.8888888888888888
35,3,3,4,61,1.777777777777778
35,4,3,4,61,1.5555555555555556
35,5,3.3333333333333335,4,61,1.1111111111111112
35,6,2.6666666666666665,3,61,1.3888888888888888
35,7,3,4,61,1.3888888888888888
35,8,2.6666666666666665,4,61,1.2222222222222223
35,9,NA,NA,61,NA
35,10,3,2,61,1.6666666666666667
35,11,2.6666666666666665,3,61,1.5
36,0,4,1,59,1
36,1,4.666666666666667,1,59,1
36,2,4.666666666666667,2,59,1.5
36,3,NA,NA,59,NA
36,4,3,2,59,1
36,5,3,1,59,1
36,6,3,3,59,1.2222222222222223
36,7,4,1,59,1
36,8,1,2,59,1.8888888888888888
36,9,3,1,59,1.8888888888888888
36,10,1,2,59,2.388888888888889
36,11,3,3,59,1.5555555555555556
37,0,3.3333333333333335,1,59,1
37,1,NA,NA,59,NA
37,2,3,1,59,1
37,3,3.3333333333333335,1,59,1
37,4,4,1,59,1
37,5,NA,NA,59,NA
37,6,3,1,59,1
37,7,3,1,59,1
37,8,3,1,59,1
37,9,3,1,59,1
37,10,3,1,59,1
37,11,3,1,59,1
37,12,NA,NA,59,NA
37,13,NA,NA,59,NA
38,0,3.3333333333333335,2,70,1.1111111111111112
38,1,3,1,70,1.5555555555555556
38,2,2.6666666666666665,2,70,1.1111111111111112
38,3,2.3333333333333335,2,70,3.1666666666666665
38,4,3,2,70,1.2777777777777777
38,5,2.6666666666666665,2,70,1.1111111111111112
38,6,2.6666666666666665,2,70,1.5555555555555556
38,7,3,2,70,1.7222222222222223
38,8,2.6666666666666665,2,70,2.0555555555555554
38,9,2.3333333333333335,3,70,1.5555555555555556
38,10,2,3,70,1.8888888888888888
39,0,NA,NA,44,NA
39,1,5,2,44,1.2222222222222223
39,2,2.3333333333333335,2,44,2.4444444444444446
39,3,5,3,44,1
39,4,5,2,44,1.2777777777777777
39,5,4.333333333333333,3,44,1.3888888888888888
39,6,3.3333333333333335,3,44,1.4444444444444444
39,7,2,1,44,1.6666666666666667
39,8,4.333333333333333,3,44,1.3333333333333333
39,9,3.6666666666666665,5,44,1.5555555555555556
39,10,4,4,44,1.5555555555555556
39,11,5,3,44,1.1666666666666667
39,12,5,2,44,1.3888888888888888
40,0,3.6666666666666665,2,69,1
40,1,4.333333333333333,1,69,1.3888888888888888
40,2,3.6666666666666665,1,69,1
40,3,3.6666666666666665,1,69,1
40,4,3.6666666666666665,1,69,1
40,5,2.6666666666666665,1,69,1.4444444444444444
40,6,3.6666666666666665,1,69,1.2222222222222223
40,7,3.6666666666666665,1,69,1
40,8,3.3333333333333335,1,69,1
40,9,3.6666666666666665,1,69,1
40,10,3.3333333333333335,1,69,1
40,11,3.3333333333333335,1,69,1
40,12,2.6666666666666665,1,69,1
41,0,5,1,47,1.4444444444444444
41,1,5,2,47,1.1111111111111112
41,2,NA,NA,47,NA
41,3,5,1,47,1
41,4,NA,NA,47,NA
41,5,4.666666666666667,1,47,1.6666666666666667
41,6,5,2,47,1
41,7,5,1,47,1.2222222222222223
41,8,NA,NA,47,NA
41,9,4.666666666666667,3,47,1
41,10,5,2,47,1
41,11,5,1,47,1
41,12,5,4,47,1
42,0,3.6666666666666665,2,62,2.6666666666666665
42,1,3.3333333333333335,1,62,2.3333333333333335
42,2,3,1,62,3.611111111111111
42,3,4,2,62,1.8888888888888888
42,4,3,2,62,2.8333333333333335
42,5,3,2,62,2.333333333333333
42,6,3,2,62,2.9444444444444446
42,7,3.3333333333333335,2,62,1.5555555555555556
42,8,NA,NA,62,NA
42,9,2,1,62,3.5
42,10,2.6666666666666665,2,62,3.111111111111111
42,11,NA,NA,62,NA
42,12,3,3,62,2.0555555555555554
42,13,3,3,62,2.6666666666666665
42,14,2.6666666666666665,2,62,3.1666666666666665
43,0,3.6666666666666665,2,56,1.6666666666666667
43,1,1.6666666666666667,3,56,4.055555555555555
43,2,3,2,56,3
43,3,NA,NA,56,NA
43,4,3,2,56,2.2777777777777777
43,5,3.3333333333333335,2,56,1.5
43,6,NA,NA,56,NA
43,7,2.3333333333333335,2,56,2.2222222222222223
43,8,NA,NA,56,NA
43,9,4,1,56,1.2222222222222223
43,10,2.6666666666666665,2,56,1.8888888888888888
43,11,4,2,56,1
43,12,4.333333333333333,2,56,1.3333333333333333
43,13,3.6666666666666665,1,56,1.1111111111111112
45,0,3,3,50,1
45,1,NA,NA,50,NA
45,2,3,1,50,1.2222222222222223
45,3,3.3333333333333335,3,50,1
45,4,3.6666666666666665,3,50,1
45,5,4,4,50,1
45,6,4,3,50,1
45,7,3.6666666666666665,2,50,1
45,8,3.3333333333333335,2,50,1.3333333333333333
45,9,3,3,50,1.1111111111111112
45,10,4,1,50,1
45,11,4,2,50,1
45,12,3.6666666666666665,2,50,1
46,0,5,1,38,1
46,1,3,1,38,1.4444444444444444
46,2,5,1,38,1
46,3,5,1,38,1.6666666666666665
46,4,5,1,38,1.2222222222222223
46,5,5,1,38,1.8888888888888888
46,6,3.6666666666666665,1,38,1
46,7,5,1,38,1
46,8,NA,NA,38,NA
46,9,2.3333333333333335,2,38,1.2222222222222223
46,10,3.6666666666666665,1,38,1.2222222222222223
46,11,3.6666666666666665,1,38,1.3333333333333333
46,12,3.6666666666666665,1,38,1
47,0,3.6666666666666665,2,52,1.1666666666666667
47,1,5,5,52,1.4444444444444444
47,2,3.3333333333333335,1,52,2.388888888888889
47,3,4.333333333333333,4,52,1.3333333333333333
47,4,5,4,52,1.1111111111111112
47,5,2,1,52,4.055555555555555
47,6,4.666666666666667,4,52,1
47,7,3.3333333333333335,2,52,1.5
47,8,5,5,52,1
47,9,3.6666666666666665,2,52,1.4444444444444444
47,10,4,3,52,1.5555555555555556
47,11,5,4,52,1
48,0,3,4,56,1.5
48,1,4,4,56,1.3333333333333333
48,2,4.333333333333333,5,56,1
48,3,4.333333333333333,4,56,1.3333333333333333
48,4,4,5,56,1
48,5,4.333333333333333,4,56,1
48,6,4,4,56,1
48,7,5,4,56,1
48,8,4.333333333333333,4,56,1.1666666666666667
48,9,4.333333333333333,4,56,1
48,10,4.666666666666667,5,56,1
48,11,4.333333333333333,4,56,1
48,12,4.333333333333333,5,56,1
49,0,3,2,53,1.1111111111111112
49,1,2.3333333333333335,2,53,1.5555555555555556
49,2,1.3333333333333333,4,53,2.111111111111111
49,3,1,5,53,2.2222222222222223
49,4,2.3333333333333335,5,53,1.4444444444444444
49,5,2,2,53,1
49,6,1.6666666666666667,1,53,1.3333333333333333
49,7,2,1,53,1.4444444444444444
49,8,3.6666666666666665,2,53,1
49,9,2.6666666666666665,1,53,1
49,10,1.6666666666666667,1,53,1.888888888888889
49,11,2.6666666666666665,1,53,1
49,12,3.6666666666666665,2,53,1
49,13,2.3333333333333335,2,53,1
50,0,5,1,71,1
50,1,5,2,71,1
50,2,5,1,71,1
50,3,4.333333333333333,1,71,1.6666666666666667
50,4,5,1,71,1
50,5,3,1,71,2.3333333333333335
50,6,3,1,71,1.7222222222222223
50,7,5,1,71,1
50,8,5,1,71,1
50,9,5,1,71,1
50,10,5,1,71,1
50,11,5,1,71,1
50,12,5,1,71,1
50,13,5,1,71,1
50,14,5,1,71,1
51,0,5,5,82,1
51,1,5,3,82,1
51,2,5,4,82,1
51,3,5,3,82,1
51,4,5,3,82,1
51,5,5,4,82,1
51,6,5,3,82,1
51,7,5,2,82,1
51,8,5,5,82,1
52,0,3,2,61,2.5
52,1,1.3333333333333333,2,61,2.5
52,2,3.3333333333333335,2,61,2.2222222222222223
52,3,4.333333333333333,2,61,1
52,4,4,1,61,1
52,5,2.3333333333333335,1,61,3.4444444444444446
52,6,2.6666666666666665,2,61,2
52,7,3,1,61,1.1666666666666667
52,8,4,3,61,1
52,9,2.3333333333333335,2,61,4.444444444444445
52,10,3.3333333333333335,4,61,2.2222222222222223
52,11,3,2,61,2
52,12,3,2,61,2
54,0,1,1,60,2.111111111111111
54,1,4.333333333333333,5,60,4.111111111111111
54,2,2.3333333333333335,1,60,2.2222222222222223
54,3,2.3333333333333335,2,60,2.1666666666666665
54,4,1.6666666666666667,2,60,2.1666666666666665
54,5,3,2,60,2
54,6,3.3333333333333335,5,60,5
54,7,2.3333333333333335,1,60,2.611111111111111
54,8,2.6666666666666665,1,60,2.6666666666666665
54,9,1.3333333333333333,2,60,2.388888888888889
54,10,1.6666666666666667,2,60,2.7222222222222223
54,11,2.3333333333333335,4,60,2.6666666666666665
54,12,2,2,60,2.5
55,0,NA,NA,50,NA
55,1,NA,NA,50,NA
55,2,4,2,50,1.4444444444444444
55,3,2.6666666666666665,2,50,1.3333333333333333
55,4,2.3333333333333335,2,50,1.5555555555555556
55,5,1.3333333333333333,1,50,2.1666666666666665
55,6,2.3333333333333335,2,50,1.4444444444444444
55,7,1.3333333333333333,1,50,1.8888888888888888
55,8,2,2,50,1.5555555555555556
55,9,1.6666666666666667,2,50,1.6666666666666667
55,10,1.3333333333333333,2,50,2.2777777777777777
55,11,2.3333333333333335,1,50,1.8888888888888888
55,12,NA,NA,50,NA
55,13,2.6666666666666665,1,50,1.4444444444444444
56,0,5,5,60,1
56,1,5,5,60,1
56,2,5,5,60,1
56,3,5,5,60,1
56,4,5,5,60,1
56,5,2.3333333333333335,5,60,3.6666666666666665
56,6,5,5,60,1
56,7,5,5,60,1
56,8,5,5,60,1
56,9,5,5,60,1
56,10,5,5,60,1
56,11,5,5,60,1
56,12,5,5,60,1
56,13,5,5,60,1.3333333333333333
56,14,5,5,60,1
57,0,1.3333333333333333,3,65,1
57,1,4.666666666666667,3,65,1.1111111111111112
57,2,4.666666666666667,3,65,1
57,3,4.666666666666667,3,65,1.5555555555555556
57,4,5,2,65,1
57,5,NA,NA,65,NA
57,6,4.333333333333333,2,65,1
57,7,4.666666666666667,2,65,1
57,8,4.666666666666667,3,65,1
57,9,5,3,65,1
57,10,5,2,65,1
57,11,5,3,65,1
57,12,5,2,65,1
57,13,5,2,65,1
58,0,3.3333333333333335,3,70,1.4444444444444444
58,1,4.666666666666667,3,70,1.1666666666666667
58,2,3.3333333333333335,3,70,1.6666666666666667
58,3,4,1,70,1.8888888888888888
58,4,3,2,70,1.6666666666666667
58,5,3.6666666666666665,1,70,1.2777777777777777
58,6,3.6666666666666665,3,70,1.1666666666666667
58,7,2,3,70,1.7777777777777777
58,8,2.3333333333333335,1,70,1.8333333333333333
58,9,2.6666666666666665,3,70,1.1666666666666667
58,10,4,4,70,1.2777777777777777
58,11,4,3,70,1.2777777777777777
58,12,5,3,70,1
58,13,4,4,70,1.1111111111111112
59,0,1,2,55,4.111111111111111
59,1,NA,NA,55,NA
59,2,2.3333333333333335,3,55,3.5
59,3,3,3,55,3.7777777777777777
59,4,3,3,55,2.9444444444444446
59,5,3,3,55,3.5
59,6,3,3,55,3.4444444444444446
59,7,3,2,55,3.5555555555555554
59,8,3,3,55,3.3333333333333335
59,9,3,2,55,3.2222222222222223
59,10,3,2,55,3.111111111111111
59,11,3,1,55,3.3333333333333335
59,12,3,1,55,3.3333333333333335
59,13,3,1,55,3.6666666666666665
60,0,NA,NA,50,NA
60,1,3,2,50,1.8888888888888888
60,2,3.3333333333333335,2,50,1.777777777777778
60,3,3,3,50,2.1666666666666665
60,4,3.3333333333333335,1,50,1.8888888888888888
60,5,3,2,50,1.5555555555555556
60,6,NA,NA,50,NA
60,7,3,2,50,2
60,8,3,2,50,1.777777777777778
60,9,3,1,50,1.5555555555555556
60,10,3,2,50,2.111111111111111
60,11,3.3333333333333335,1,50,2.2222222222222223
60,12,3,1,50,2.111111111111111
60,13,3,1,50,2
61,0,4,4,45,1
61,1,4,5,45,1
61,2,4,5,45,1
61,3,4,5,45,1
61,4,2.3333333333333335,1,45,2.888888888888889
61,5,5,1,45,1
61,6,4,1,45,1
61,7,NA,NA,45,NA
61,8,4,1,45,1
61,9,4,1,45,1
61,10,4,1,45,1
61,11,4,1,45,1
61,12,4,1,45,1
61,13,4,1,45,1
62,0,3.6666666666666665,3,32,1.7777777777777777
62,1,4.333333333333333,4,32,1.3333333333333333
62,2,4.333333333333333,4,32,1
62,3,3.6666666666666665,5,32,1.222222222222222
62,4,4.666666666666667,5,32,1
62,5,3,5,32,1.2222222222222223
62,6,4.666666666666667,5,32,1
62,7,2,2,32,2.3333333333333335
62,8,3.3333333333333335,4,32,1.2222222222222223
62,9,3,2,32,1.6666666666666667
62,10,2.6666666666666665,4,32,2.0555555555555554
62,11,4,5,32,1
62,12,3.6666666666666665,5,32,1.6111111111111112
62,13,4.666666666666667,5,32,1.5
62,14,4.333333333333333,5,32,1.5
64,0,5,5,53,1
64,1,4.333333333333333,3,53,1
64,2,2,4,53,2.111111111111111
64,3,5,4,53,1
64,4,5,4,53,1
64,5,4,3,53,1.6666666666666667
64,6,4.666666666666667,3,53,1
64,7,5,4,53,1
64,8,NA,NA,53,NA
64,9,5,4,53,1
64,10,5,4,53,1
64,11,5,5,53,1
64,12,5,4,53,1
64,13,NA,NA,53,NA
65,0,NA,NA,64,NA
65,1,3.3333333333333335,3,64,1.1111111111111112
65,2,5,4,64,1.3888888888888888
65,3,4.666666666666667,2,64,1.3333333333333333
65,4,2.6666666666666665,4,64,1.8888888888888888
65,5,3.6666666666666665,2,64,2.7777777777777777
65,6,4.666666666666667,4,64,1.222222222222222
65,7,5,3,64,1.6666666666666667
65,8,3.6666666666666665,2,64,3.2222222222222223
65,9,5,4,64,1
65,10,4.333333333333333,3,64,1.1666666666666667
65,11,4.666666666666667,3,64,1
65,12,4.666666666666667,5,64,1.222222222222222
65,13,4.666666666666667,1,64,1.2222222222222223
65,14,4.666666666666667,4,64,1.1111111111111112
66,0,4.666666666666667,3,53,1.1111111111111112
66,1,4,2,53,1.3888888888888888
66,2,2.6666666666666665,1,53,1.2777777777777777
66,3,4,1,53,1.1111111111111112
66,4,4.333333333333333,2,53,1.2222222222222223
66,5,NA,NA,53,NA
66,6,4.333333333333333,2,53,1.5555555555555556
66,7,3.6666666666666665,2,53,1.2222222222222223
66,8,4.333333333333333,2,53,1
66,9,4.666666666666667,2,53,1
66,10,4.333333333333333,2,53,1
66,11,4.666666666666667,3,53,1.222222222222222
66,12,4.666666666666667,1,53,1
67,0,4.666666666666667,2,57,1
67,1,5,2,57,1
67,2,4.333333333333333,2,57,1.4444444444444444
67,3,4.333333333333333,2,57,1.2777777777777777
67,4,4.333333333333333,2,57,1
67,5,NA,NA,57,NA
67,6,5,2,57,1.5555555555555556
67,7,4,2,57,2.3333333333333335
67,8,4.666666666666667,2,57,1.8888888888888888
67,9,3,2,57,2.888888888888889
67,10,4.333333333333333,2,57,2
67,11,4,2,57,1.8333333333333333
67,12,4.333333333333333,2,57,2.0555555555555554
68,0,NA,NA,50,NA
68,1,2.3333333333333335,2,50,3.944444444444444
68,2,2.3333333333333335,1,50,2.9444444444444446
68,3,3.6666666666666665,1,50,1.9444444444444444
68,4,2.3333333333333335,2,50,2.5555555555555554
68,5,3.6666666666666665,2,50,2.4444444444444446
68,6,3,1,50,2.7777777777777777
68,7,NA,NA,50,NA
68,8,2.6666666666666665,1,50,2.7777777777777777
68,9,4,1,50,1.4444444444444444
68,10,2,1,50,2.5555555555555554
68,11,2.6666666666666665,1,50,2
68,12,NA,NA,50,NA
69,0,4.333333333333333,2,57,1.6111111111111112
69,1,4,2,57,1.3888888888888888
69,2,4.333333333333333,2,57,1
69,3,3.3333333333333335,4,57,1.8888888888888888
69,4,4,2,57,1.2777777777777777
69,5,3,3,57,2.3333333333333335
69,6,3.3333333333333335,2,57,3.1666666666666665
69,7,4.333333333333333,3,57,1
69,8,4.333333333333333,3,57,1.7222222222222223
69,9,4,3,57,1.6666666666666667
69,10,4.333333333333333,3,57,1.1666666666666667
69,11,4.333333333333333,3,57,1.3333333333333333
70,0,4.666666666666667,5,61,2.7777777777777777
70,1,4.333333333333333,3,61,1.8333333333333333
70,2,1.3333333333333333,5,61,2
70,3,4.666666666666667,3,61,3.2777777777777777
70,4,2.6666666666666665,4,61,2.7222222222222223
70,5,4,2,61,2.888888888888889
70,6,3.3333333333333335,3,61,2.111111111111111
70,7,3.6666666666666665,3,61,2.888888888888889
70,8,3.3333333333333335,3,61,2.6666666666666665
70,9,3.6666666666666665,5,61,3.611111111111111
70,10,3.3333333333333335,2,61,2.888888888888889
70,11,NA,NA,61,NA
70,12,3,2,61,4.111111111111111
71,0,3.6666666666666665,3,42,2.7222222222222223
71,1,3.6666666666666665,3,42,2.7222222222222223
71,2,3,3,42,2.6666666666666665
71,3,3.3333333333333335,2,42,2.888888888888889
71,4,3,2,42,3.055555555555556
71,5,2.6666666666666665,2,42,3.1666666666666665
71,6,3,3,42,2.388888888888889
71,7,2.6666666666666665,2,42,3
71,8,4,2,42,1.6111111111111112
71,9,4,2,42,1
71,10,3.3333333333333335,2,42,2.3333333333333335
71,11,2.6666666666666665,2,42,2.7222222222222223
71,12,3,2,42,2.5
72,0,4.333333333333333,5,41,1.6666666666666667
72,1,3.6666666666666665,3,41,1.3333333333333333
72,2,4.333333333333333,3,41,1
72,3,4.666666666666667,2,41,1
72,4,4.666666666666667,1,41,1
72,5,4.333333333333333,2,41,1
72,6,4.333333333333333,1,41,1
72,7,4.333333333333333,1,41,1
72,8,NA,NA,41,NA
72,9,4.333333333333333,1,41,1
72,10,4.333333333333333,1,41,1
72,11,NA,NA,41,NA
72,12,NA,NA,41,NA
72,13,4.333333333333333,1,41,1
73,0,5,4,44,1
73,1,5,1,44,1.4444444444444444
73,2,1,4,44,3.888888888888889
73,3,NA,NA,44,NA
73,4,3,2,44,1.6666666666666667
73,5,3.6666666666666665,4,44,2.111111111111111
73,6,4,2,44,1.3333333333333333
73,7,5,4,44,1.6666666666666667
73,8,5,2,44,1.6666666666666667
73,9,NA,NA,44,NA
73,10,4.333333333333333,4,44,1.6666666666666667
73,11,3,2,44,1.6666666666666667
73,12,NA,NA,44,NA
74,0,4,2,69,1.5
74,1,3.3333333333333335,1,69,1.6666666666666667
74,2,3.6666666666666665,1,69,1.5
74,3,4,4,69,1.6666666666666667
74,4,4.333333333333333,1,69,1.8888888888888888
74,5,4,2,69,1.3333333333333333
74,6,4,4,69,1.3333333333333333
74,7,4,1,69,1.1666666666666667
74,8,4,1,69,1.3333333333333333
74,9,3.6666666666666665,1,69,1.1666666666666667
74,10,3,3,69,1.3333333333333333
74,11,2.6666666666666665,2,69,3.4444444444444446
74,12,2.6666666666666665,4,69,2.888888888888889
74,13,4,1,69,1.7777777777777777
75,0,5,4,57,1
75,1,5,2,57,1
75,2,5,1,57,1
75,3,5,3,57,1
75,4,5,3,57,1
75,5,5,3,57,1
75,6,5,3,57,1
75,7,5,1,57,1
75,8,5,1,57,1
75,9,5,1,57,1.1666666666666667
75,10,5,1,57,1.3333333333333333
75,11,5,3,57,1.5
75,12,5,2,57,1
76,0,2.6666666666666665,3,41,3.2222222222222223
76,1,2.6666666666666665,1,41,2.7777777777777777
76,2,3.3333333333333335,3,41,2.388888888888889
76,3,3.6666666666666665,1,41,2.4444444444444446
76,4,3,1,41,2.7222222222222223
76,5,3,1,41,2.888888888888889
76,6,3.6666666666666665,1,41,1.8333333333333335
76,7,2,1,41,3.444444444444444
76,8,3,1,41,3
77,0,4.333333333333333,4,41,1
77,1,4,4,41,1.6111111111111112
77,2,4,4,41,1.4444444444444444
77,3,4,3,41,1.3333333333333333
77,4,4,4,41,1.3333333333333333
77,5,4,3,41,1.1666666666666667
77,6,3.6666666666666665,3,41,1.3333333333333333
77,7,3.6666666666666665,3,41,1.3333333333333333
77,8,4.333333333333333,3,41,1.3333333333333333
77,9,4,3,41,1.3333333333333333
77,10,2.6666666666666665,3,41,1.1666666666666667
77,11,3.6666666666666665,4,41,1.3333333333333333
77,12,3.3333333333333335,3,41,1.1666666666666667
78,0,5,5,64,1
78,1,3.6666666666666665,1,64,1
78,2,5,5,64,1
78,3,5,4,64,1
78,4,5,2,64,1
78,5,5,5,64,1
78,6,NA,NA,64,NA
78,7,5,4,64,1
78,8,5,3,64,1
78,9,5,5,64,1
78,10,5,4,64,1
78,11,5,2,64,1
78,12,5,2,64,1
78,13,5,2,64,1
79,0,4.333333333333333,4,51,1.1666666666666667
79,1,4.666666666666667,2,51,1.1666666666666667
79,2,5,4,51,1.8333333333333333
79,3,4,4,51,1.9444444444444444
79,4,4.333333333333333,4,51,1.1111111111111112
79,5,NA,NA,51,NA
79,6,4,4,51,1.3333333333333333
79,7,4,4,51,1.3333333333333333
79,8,4.666666666666667,4,51,1.1666666666666667
79,9,3.6666666666666665,3,51,1.1666666666666667
79,10,4.666666666666667,3,51,1.1666666666666667
79,11,5,5,51,1
79,12,5,4,51,1
79,13,5,3,51,1.5
80,0,4,1,46,1.3333333333333333
80,1,3.3333333333333335,1,46,1
80,2,4.333333333333333,1,46,1.5
80,3,4.333333333333333,1,46,1
80,4,4,2,46,1.6666666666666667
80,5,4.333333333333333,3,46,1
80,6,NA,NA,46,NA
80,7,3.6666666666666665,3,46,1
80,8,4.333333333333333,2,46,1.7222222222222223
80,9,4,1,46,1.5555555555555556
80,10,4,2,46,1
80,11,3.6666666666666665,1,46,1.4444444444444444
80,12,3.6666666666666665,1,46,1.5
80,13,4,3,46,1.5
81,0,NA,NA,70,NA
81,1,NA,NA,70,NA
81,2,2.3333333333333335,2,70,2.111111111111111
81,3,2.6666666666666665,1,70,2.0555555555555554
81,4,1.6666666666666667,1,70,2
81,5,3.3333333333333335,2,70,1.9444444444444444
81,6,1.6666666666666667,3,70,3.4444444444444446
81,7,1.6666666666666667,2,70,3.611111111111111
81,8,3,1,70,2.388888888888889
81,9,3.6666666666666665,1,70,2
81,10,3.3333333333333335,1,70,1.2777777777777777
81,11,3,2,70,1.3333333333333333
81,12,3.6666666666666665,3,70,1.1666666666666667
81,13,2,3,70,1.8888888888888888
82,0,4.333333333333333,2,52,1.2777777777777777
82,1,4,2,52,1.1111111111111112
82,2,5,2,52,2.0555555555555554
82,3,5,2,52,1.2222222222222223
82,4,5,2,52,1
82,5,4.666666666666667,2,52,1.4444444444444444
82,6,4.666666666666667,2,52,1.1111111111111112
82,7,4.666666666666667,1,52,1.3333333333333333
82,8,4,2,52,1.222222222222222
82,9,3.6666666666666665,2,52,1.1666666666666667
82,10,5,2,52,1.1666666666666667
82,11,2.6666666666666665,1,52,2.555555555555556
83,0,1,4,57,1
83,1,4,1,57,1
83,2,4,1,57,1
83,3,4,3,57,1.4444444444444444
83,4,4,1,57,1
83,5,4,1,57,1
83,6,4,2,57,1
83,7,4.333333333333333,1,57,1
83,8,3.6666666666666665,1,57,1
83,9,4,1,57,1
83,10,4,4,57,1
83,11,3,1,57,1
83,12,3.6666666666666665,1,57,1.7777777777777777
83,13,3.6666666666666665,2,57,1.5555555555555556
84,0,3,5,78,1
84,1,3.3333333333333335,5,78,1.1111111111111112
84,2,3.6666666666666665,4,78,1
84,3,3,5,78,1
84,4,3.3333333333333335,5,78,1
84,5,3.6666666666666665,5,78,1
84,6,3.6666666666666665,4,78,1
84,7,3.6666666666666665,5,78,1
84,8,3.6666666666666665,5,78,1
84,9,4.333333333333333,5,78,1
84,10,4.333333333333333,5,78,1
84,11,4.333333333333333,5,78,1
84,12,4,5,78,1
84,13,3.6666666666666665,4,78,1
85,0,2.3333333333333335,4,49,1
85,1,3,2,49,1
85,2,2,1,49,2.9444444444444446
85,3,2,1,49,2.444444444444444
85,4,3,1,49,2
85,5,3,3,49,1
85,6,3.6666666666666665,3,49,1.4444444444444444
85,7,3.3333333333333335,4,49,1
85,8,4,4,49,1
85,9,3.3333333333333335,3,49,1
85,10,4,4,49,1
85,11,2.6666666666666665,2,49,1
85,12,3.3333333333333335,3,49,1
86,0,NA,NA,48,NA
86,1,4,4,48,1.8333333333333333
86,2,5,1,48,1
86,3,4.666666666666667,5,48,1.3333333333333333
86,4,3,4,48,1
86,5,4.333333333333333,4,48,1
86,6,4.333333333333333,4,48,1
86,7,3.3333333333333335,5,48,1.1111111111111112
86,8,3.3333333333333335,2,48,1
86,9,5,2,48,1
86,10,4,4,48,1
86,11,3.6666666666666665,4,48,1
87,0,NA,NA,61,NA
87,1,2.3333333333333335,3,61,3.0555555555555554
87,2,4.333333333333333,3,61,1
87,3,4.333333333333333,3,61,1.2222222222222223
87,5,4.333333333333333,3,61,1
87,6,4.333333333333333,2,61,1
87,7,3.3333333333333335,2,61,1
87,8,3.3333333333333335,2,61,2.5555555555555554
87,9,4,2,61,1.5
87,10,2.6666666666666665,3,61,3.555555555555556
87,11,3.3333333333333335,2,61,1.1111111111111112
87,12,4.333333333333333,1,61,1.4444444444444444
87,13,4,2,61,1.7777777777777777
87,14,3.3333333333333335,3,61,1
88,0,4,4,56,1
88,1,3.6666666666666665,3,56,1
88,2,4.333333333333333,3,56,1
88,3,5,3,56,1
88,4,4.333333333333333,2,56,1
88,5,4.333333333333333,2,56,1
88,6,4.666666666666667,3,56,1
88,7,4.333333333333333,3,56,1
88,8,5,2,56,1
88,9,5,3,56,1
89,0,5,2,47,1.3333333333333333
89,1,5,2,47,1.3333333333333333
89,2,3.6666666666666665,2,47,2
89,3,5,4,47,1.3333333333333333
89,4,3,1,47,1.1666666666666667
89,5,5,3,47,1
89,6,2.3333333333333335,4,47,2
89,7,5,4,47,1
89,8,2,2,47,1.6666666666666665
89,9,5,2,47,1
89,10,4.666666666666667,1,47,1
89,11,5,2,47,1.4444444444444444
89,12,NA,NA,47,NA
89,13,NA,NA,47,NA
90,0,3.3333333333333335,2,55,1.1666666666666667
90,1,3,2,55,1.5
90,2,3,2,55,1.6666666666666667
90,3,4,1,55,1.1666666666666667
90,4,2,1,55,1.7222222222222223
90,5,2,2,55,2.7777777777777777
90,6,2,1,55,2.111111111111111
90,7,2,1,55,1.4444444444444444
90,8,3.3333333333333335,1,55,1.1111111111111112
90,9,NA,NA,55,NA
90,10,2,1,55,2.9444444444444446
90,11,NA,NA,55,NA
90,12,3,2,55,1.2777777777777777
91,0,5,5,65,1.6666666666666667
91,1,5,5,65,1
91,2,5,5,65,1
91,3,5,5,65,1
91,4,5,5,65,1
91,5,5,4,65,1
91,6,5,4,65,1
91,7,5,3,65,1
91,8,5,4,65,1
91,9,5,5,65,1
91,10,3.6666666666666665,5,65,1
91,11,5,5,65,1
91,12,5,5,65,1
92,0,NA,NA,59,NA
92,1,5,2,59,1
92,2,4,2,59,1.6666666666666667
92,3,4,2,59,1
92,4,5,2,59,1
92,5,NA,NA,59,NA
92,6,5,2,59,1
92,7,5,2,59,1
92,8,5,1,59,1
92,9,5,1,59,1
92,10,5,2,59,1
92,11,5,2,59,1
92,12,NA,NA,59,NA
92,13,5,1,59,1
92,14,NA,NA,59,NA
93,0,3.3333333333333335,2,55,1.9444444444444444
93,1,5,3,55,3.2222222222222223
93,2,3.6666666666666665,1,55,1.4444444444444444
93,3,3.6666666666666665,1,55,1.3333333333333333
93,4,4.666666666666667,3,55,1.7222222222222223
93,5,3,3,55,1.3333333333333333
93,6,2.3333333333333335,1,55,1.2222222222222223
93,7,3,1,55,1
93,8,4,4,55,2.4444444444444446
93,9,5,4,55,1
93,10,3.6666666666666665,3,55,1
93,11,4.333333333333333,3,55,1
93,12,4.333333333333333,3,55,1
93,13,2.3333333333333335,2,55,2
94,0,5,2,48,1.2777777777777777
94,1,5,2,48,1.2777777777777777
94,2,4.666666666666667,1,48,1.777777777777778
94,3,5,1,48,1.2777777777777777
94,4,5,1,48,1.4444444444444444
94,5,5,1,48,1.3888888888888888
94,6,5,2,48,1.3888888888888888
94,7,5,1,48,2.1666666666666665
94,8,5,1,48,2.2777777777777777
94,9,5,2,48,1.7222222222222223
95,0,4.666666666666667,5,69,1
95,1,5,4,69,1
95,2,5,2,69,1.4444444444444444
95,3,5,3,69,1
95,4,5,4,69,1
95,5,5,4,69,1
95,6,5,4,69,1
95,7,5,4,69,1
95,8,5,4,69,1
95,9,5,4,69,1
95,10,5,4,69,1
95,11,5,4,69,1
95,12,5,4,69,1
96,0,3.3333333333333335,1,40,1.4444444444444444
96,1,3.3333333333333335,1,40,1
96,2,4.333333333333333,2,40,1.1111111111111112
96,3,2.6666666666666665,2,40,1.5555555555555556
96,4,4,1,40,1
96,5,3,1,40,1
96,6,2,1,40,1.222222222222222
96,7,1.6666666666666667,1,40,1.8888888888888888
96,8,2.3333333333333335,2,40,1
96,9,1.6666666666666667,1,40,1.3333333333333333
96,10,1.6666666666666667,1,40,1.2222222222222223
96,11,4.333333333333333,2,40,1
96,12,2.3333333333333335,1,40,1.2222222222222223
96,13,2.6666666666666665,1,40,1
96,14,3.3333333333333335,1,40,1
97,0,3.6666666666666665,3,56,1.7222222222222223
97,1,3.6666666666666665,1,56,1.5
97,2,3.3333333333333335,3,56,1.777777777777778
97,3,NA,NA,56,NA
97,4,3,2,56,1.3888888888888888
97,5,3,2,56,2.111111111111111
97,6,3,2,56,2.4444444444444446
97,7,3.3333333333333335,3,56,1.6666666666666667
97,8,NA,NA,56,NA
97,9,3.6666666666666665,3,56,1.3888888888888888
97,10,3.6666666666666665,3,56,1.5
97,11,2.6666666666666665,3,56,2.611111111111111
97,12,3,2,56,1.6111111111111112
97,13,2.3333333333333335,2,56,2.2777777777777777
98,0,4,4,51,1.5555555555555556
98,1,2.6666666666666665,3,51,2.5
98,2,3.3333333333333335,4,51,1.5555555555555556
98,3,4,3,51,1.4444444444444444
98,4,4,4,51,1.8888888888888888
98,5,4.333333333333333,3,51,1.4444444444444444
98,6,4,3,51,1.6111111111111112
98,7,4.666666666666667,4,51,1.4444444444444444
98,8,4,4,51,1.8888888888888888
98,9,2.3333333333333335,3,51,1.4444444444444444
98,10,4,4,51,2
98,11,2.3333333333333335,3,51,1
98,12,NA,NA,51,NA
99,0,NA,NA,49,NA
99,1,4,1,49,1
99,2,3.3333333333333335,1,49,1.3333333333333333
99,3,3.6666666666666665,1,49,1.1111111111111112
99,4,4,2,49,1.5555555555555556
99,5,5,1,49,1.5
99,6,5,2,49,1
99,7,4,1,49,2.7777777777777777
99,8,3.3333333333333335,2,49,4.055555555555555
99,9,3,4,49,1.1111111111111112
99,10,3.6666666666666665,1,49,2.1666666666666665
99,11,3,5,49,2.0555555555555554
99,12,4.333333333333333,1,49,1.6111111111111112
101,0,3,3,50,2.7777777777777777
101,1,NA,NA,50,NA
101,2,3,3,50,2.111111111111111
101,3,3,3,50,2.2222222222222223
101,4,3,2,50,2.2222222222222223
101,5,NA,NA,50,NA
101,6,3,2,50,2.111111111111111
101,7,2.6666666666666665,3,50,2.111111111111111
101,8,2.3333333333333335,3,50,2.2222222222222223
101,9,NA,NA,50,NA
101,10,3,2,50,2.3333333333333335
101,11,NA,NA,50,NA
101,12,3,2,50,2.4444444444444446
101,13,2.6666666666666665,3,50,2.3333333333333335
102,0,NA,NA,54,NA
102,1,3.6666666666666665,2,54,1.6666666666666667
102,2,5,1,54,1.3333333333333333
102,3,3.6666666666666665,4,54,1
102,4,3,1,54,1.1666666666666667
102,5,3.6666666666666665,1,54,1.5555555555555556
102,6,3,3,54,1.1666666666666667
102,7,3.3333333333333335,1,54,2.111111111111111
102,8,2.6666666666666665,1,54,1.1111111111111112
102,9,NA,NA,54,NA
102,10,4.333333333333333,1,54,1
102,11,3.6666666666666665,1,54,1
102,12,3.3333333333333335,1,54,1
103,0,2.3333333333333335,3,42,2.111111111111111
103,1,2.6666666666666665,3,42,2.3333333333333335
103,2,NA,NA,42,NA
103,3,2.6666666666666665,2,42,1
103,5,1.3333333333333333,2,42,1.5555555555555556
103,6,4,1,42,1
103,7,NA,NA,42,NA
103,8,1,1,42,2.4444444444444446
103,9,NA,NA,42,NA
103,10,4.666666666666667,1,42,1
103,11,NA,NA,42,NA
104,0,2.3333333333333335,3,63,2.4444444444444446
104,1,2.3333333333333335,1,63,2.1666666666666665
104,2,3,1,63,1.8333333333333333
104,3,2.6666666666666665,2,63,2.388888888888889
104,4,2.6666666666666665,1,63,2.4444444444444446
104,5,NA,NA,63,NA
104,6,3,2,63,2.5
104,7,NA,NA,63,NA
104,8,3.3333333333333335,2,63,2.388888888888889
104,9,2.6666666666666665,1,63,2.5555555555555554
104,10,2.6666666666666665,2,63,2.6666666666666665
104,11,2,1,63,3.555555555555556
104,12,2,2,63,3.3333333333333335
105,0,5,1,55,1
105,1,5,1,55,1
105,2,5,2,55,1
105,3,3,1,55,1.8333333333333335
105,4,5,2,55,1
105,5,4.333333333333333,1,55,1.1666666666666667
105,6,5,1,55,1.3333333333333333
105,7,5,1,55,1
105,8,4.666666666666667,1,55,1.3333333333333333
105,9,4,1,55,1.3333333333333333
105,10,3,1,55,1.4444444444444444
105,11,NA,NA,55,NA
105,12,2.3333333333333335,1,55,1.777777777777778
106,0,3.3333333333333335,3,45,1.4444444444444444
106,1,3,1,45,1.1666666666666667
106,2,4.333333333333333,1,45,1.1111111111111112
106,3,3,2,45,1
106,4,3,2,45,1.4444444444444444
106,5,1.6666666666666667,1,45,1.4444444444444444
106,6,2.6666666666666665,1,45,1
106,7,3.6666666666666665,3,45,1.2777777777777777
106,8,3.3333333333333335,2,45,1.4444444444444444
106,9,2,1,45,1.4444444444444444
106,10,3.6666666666666665,3,45,1.2777777777777777
106,11,3.6666666666666665,4,45,1.2777777777777777
107,0,3,4,52,1.1666666666666667
107,1,3,2,52,1.7777777777777777
107,2,2.6666666666666665,2,52,3.3333333333333335
107,3,4,2,52,1
107,4,4,2,52,1
107,5,4,2,52,1
107,6,4,1,52,1.3333333333333333
107,7,5,1,52,1
107,8,5,2,52,1
107,9,5,2,52,1
107,10,4.666666666666667,2,52,1.3333333333333333
107,11,5,1,52,1.3333333333333333
107,12,4.666666666666667,1,52,1.2222222222222223
107,13,5,2,52,1
107,14,5,1,52,1.1666666666666667
107,15,NA,NA,52,NA
108,0,3.6666666666666665,1,57,1
108,1,4.666666666666667,2,57,1
108,2,5,1,57,1
108,3,4.666666666666667,2,57,1.4444444444444444
108,4,5,2,57,1
108,5,5,3,57,1.4444444444444444
108,6,3.6666666666666665,3,57,1.4444444444444444
108,7,3.6666666666666665,2,57,1.4444444444444444
108,8,NA,NA,57,NA
108,9,3.6666666666666665,2,57,1.4444444444444444
108,10,5,2,57,1
108,11,NA,NA,57,NA
108,12,5,2,57,1
108,13,5,2,57,1
109,0,3.6666666666666665,4,35,2.388888888888889
109,1,4,1,35,1.8888888888888888
109,2,2,1,35,3
109,3,1.6666666666666667,1,35,3.111111111111111
109,4,2.6666666666666665,3,35,3.111111111111111
109,5,2,1,35,2.888888888888889
109,6,4,3,35,2
109,7,4.333333333333333,5,35,2
109,8,4.333333333333333,3,35,1
109,9,4.333333333333333,1,35,2.2222222222222223
109,10,4,1,35,2
109,11,4,1,35,1.2222222222222223
109,12,4,2,35,1
110,0,4,3,49,1.9444444444444444
110,1,2.3333333333333335,3,49,2.388888888888889
110,2,3.3333333333333335,4,49,1.8888888888888888
110,3,1.6666666666666667,1,49,3.611111111111111
110,4,2,1,49,3.055555555555556
110,5,3,1,49,4.277777777777778
110,6,2.6666666666666665,1,49,2.7777777777777777
110,7,2,1,49,4
110,8,2.3333333333333335,3,49,2.5555555555555554
110,9,2.6666666666666665,1,49,2.2222222222222223
110,10,2.3333333333333335,3,49,2.388888888888889
110,11,2.3333333333333335,3,49,2.1666666666666665
111,0,5,5,58,1.4444444444444444
111,1,5,5,58,1
111,2,5,5,58,1
111,3,5,5,58,1
111,4,5,5,58,1
111,5,5,4,58,1
111,6,5,4,58,1
111,7,5,4,58,1
111,8,5,4,58,1
111,9,5,4,58,1
112,0,3.3333333333333335,1,64,1.3888888888888888
112,1,3.6666666666666665,1,64,1.3888888888888888
112,2,4.333333333333333,2,64,1.3888888888888888
112,3,3.6666666666666665,1,64,1.4444444444444444
112,4,4,1,64,1
112,5,4,1,64,1
112,6,4.333333333333333,2,64,1.1666666666666667
112,7,4.333333333333333,2,64,1.2222222222222223
112,8,4.333333333333333,2,64,1
112,9,3.6666666666666665,1,64,1
112,10,4.333333333333333,1,64,1
112,11,4.333333333333333,2,64,1
112,12,NA,NA,64,NA
112,13,4.333333333333333,1,64,1.1111111111111112
113,0,2.6666666666666665,3,40,2.111111111111111
113,1,1.6666666666666667,2,40,1.3333333333333333
113,2,1,2,40,1.2222222222222223
113,3,2,3,40,1
113,4,2.6666666666666665,3,40,1
113,5,1.6666666666666667,2,40,1
113,6,2,2,40,1
113,7,1,2,40,1
113,8,2,3,40,1
113,9,1,3,40,1
113,10,2,3,40,1
113,11,3.3333333333333335,2,40,2.111111111111111
113,12,1,3,40,1.777777777777778
113,13,2.3333333333333335,2,40,1
114,0,2,1,32,2.111111111111111
114,1,NA,NA,32,NA
114,2,3,3,32,1.3333333333333333
114,3,3,1,32,1.4444444444444444
114,4,4,1,32,1.6111111111111112
114,5,3,1,32,1.3333333333333333
114,6,1.6666666666666667,1,32,1.4444444444444444
114,7,2,1,32,3
114,8,1.3333333333333333,1,32,1.6666666666666667
114,9,1.3333333333333333,1,32,2.5555555555555554
114,10,1,1,32,3.111111111111111
115,0,4.333333333333333,4,65,1
115,1,5,5,65,1
115,2,3.6666666666666665,5,65,1
115,3,4.666666666666667,3,65,1
115,4,3.6666666666666665,5,65,1
115,5,4.666666666666667,2,65,1
115,6,4,2,65,1
115,7,4.666666666666667,4,65,1
115,8,5,3,65,1
116,0,3.6666666666666665,3,48,1.222222222222222
116,1,3,1,48,1.4444444444444444
116,2,2,2,48,2.111111111111111
116,3,2.3333333333333335,1,48,1.6666666666666667
116,4,3,2,48,1.1111111111111112
116,5,2.6666666666666665,1,48,1.1111111111111112
116,6,1.6666666666666667,1,48,2
116,7,3.6666666666666665,2,48,1.3333333333333333
116,8,3,1,48,1.3333333333333333
116,9,3.3333333333333335,1,48,1.2222222222222223
116,10,3.6666666666666665,5,48,1.1111111111111112
116,11,NA,NA,48,NA
116,12,2.6666666666666665,1,48,1.5555555555555556
116,13,NA,NA,48,NA
117,0,3.6666666666666665,2,42,2.2222222222222223
117,1,4,1,42,1.6111111111111112
117,2,4,1,42,1.5555555555555556
117,3,4,2,42,1.2777777777777777
117,4,4.666666666666667,2,42,1.2777777777777777
117,5,4.333333333333333,1,42,1.4444444444444444
117,6,4,1,42,1.7777777777777777
117,7,3.3333333333333335,1,42,1.8888888888888888
117,8,NA,NA,42,NA
117,9,3.6666666666666665,1,42,1.7777777777777777
117,10,3,1,42,3.0555555555555554
117,11,2,1,42,3
117,12,3.3333333333333335,1,42,2.2222222222222223
118,0,5,2,50,1
118,1,3.6666666666666665,5,50,1.722222222222222
118,2,3.6666666666666665,3,50,1.5
118,3,3.6666666666666665,3,50,1
118,4,3.3333333333333335,5,50,1
118,5,4.333333333333333,1,50,1
118,6,5,3,50,1
118,7,2.6666666666666665,2,50,1.3333333333333333
118,8,3,3,50,1.3333333333333333
118,9,2.3333333333333335,2,50,1.722222222222222
118,10,3.3333333333333335,4,50,1.3333333333333333
118,11,4.333333333333333,2,50,1
118,12,4.333333333333333,2,50,1
118,13,4.333333333333333,1,50,1
120,0,5,4,44,1
120,1,NA,NA,44,NA
120,2,5,4,44,1
120,3,3,3,44,1
120,4,3,2,44,1.6666666666666667
120,5,3,4,44,1
120,6,2.3333333333333335,1,44,2.2222222222222223
120,7,2.6666666666666665,1,44,2.9444444444444446
120,8,4,4,44,1
120,9,4,4,44,1.3333333333333333
120,10,4,4,44,1
120,11,5,4,44,1
121,0,NA,NA,60,NA
121,1,3,2,60,1
121,2,3.6666666666666665,1,60,1.1666666666666667
121,3,3,1,60,1
121,4,5,1,60,1
121,5,3,1,60,1
121,6,4,2,60,1
121,7,2.6666666666666665,1,60,1.1666666666666667
121,8,NA,NA,60,NA
121,9,5,3,60,1
121,10,5,1,60,1
121,11,3,1,60,1.1111111111111112
122,0,2,3,44,1.8333333333333333
122,1,1.6666666666666667,1,44,2.7222222222222223
122,2,2.3333333333333335,2,44,2.2222222222222223
122,3,2.6666666666666665,2,44,1.6666666666666667
122,4,3,1,44,2.0555555555555554
122,5,1.6666666666666667,2,44,2.5
122,6,1.3333333333333333,2,44,2.388888888888889
122,7,1.6666666666666667,2,44,2.888888888888889
122,8,NA,NA,44,NA
122,9,NA,NA,44,NA
122,10,3,2,44,1.8888888888888888
122,11,2,2,44,2.5555555555555554
122,12,3,2,44,2.9444444444444446
123,0,5,1,55,1
123,1,5,2,55,1
123,2,4.666666666666667,4,55,1
123,3,5,2,55,1
123,4,5,3,55,1
123,5,4.333333333333333,3,55,1
123,6,4.666666666666667,2,55,1
123,7,4.333333333333333,2,55,1
123,8,5,4,55,1
123,9,NA,NA,55,NA
123,10,4.666666666666667,5,55,1
123,11,4.666666666666667,3,55,1.2222222222222223
123,12,5,1,55,1
124,0,3.6666666666666665,2,49,1.1666666666666667
124,1,3,2,49,2.0555555555555554
124,2,3,2,49,2.2777777777777777
124,3,2.6666666666666665,2,49,1.2222222222222223
124,4,3,1,49,1.3333333333333333
124,5,2.6666666666666665,1,49,2.111111111111111
124,6,2.6666666666666665,1,49,1.222222222222222
124,7,NA,NA,49,NA
124,8,4,2,49,1
124,9,2.3333333333333335,1,49,1.4444444444444444
124,10,1.6666666666666667,1,49,3.388888888888889
124,11,2,1,49,2.7222222222222223
124,12,2.3333333333333335,1,49,2.1666666666666665
124,13,NA,NA,49,NA
124,14,1.6666666666666667,1,49,1.4444444444444444
125,0,3.3333333333333335,2,66,1.4444444444444444
125,1,3,3,66,1.5555555555555556
125,2,4,4,66,1.3888888888888888
125,3,4,4,66,1.7777777777777777
125,4,4,4,66,1.5555555555555556
125,5,4.333333333333333,4,66,1
125,6,4.333333333333333,4,66,1.5555555555555556
125,8,4,4,66,1.6666666666666667
125,9,4,2,66,1.3888888888888888
125,10,4,4,66,1.7777777777777777
125,11,4.666666666666667,5,66,1.3333333333333333
125,12,5,5,66,1
125,13,4.666666666666667,5,66,1.8888888888888888
126,0,3.6666666666666665,3,45,1.6666666666666667
126,1,1,1,45,2.888888888888889
126,2,4.333333333333333,2,45,1.4444444444444444
126,3,4.666666666666667,2,45,1
126,4,5,2,45,1
126,5,4,3,45,1
126,6,5,2,45,1
126,7,5,3,45,1
126,8,4.333333333333333,2,45,1
126,9,4.333333333333333,3,45,1
126,10,5,2,45,1
126,11,NA,NA,45,NA
127,0,5,3,57,1
127,1,3.6666666666666665,1,57,2.2222222222222223
127,2,5,5,57,1
127,3,4,1,57,1.3333333333333333
127,4,NA,NA,57,NA
127,5,NA,NA,57,NA
127,6,NA,NA,57,NA
127,7,4.666666666666667,1,57,1.4444444444444444
127,8,2.6666666666666665,2,57,1.7777777777777777
127,9,NA,NA,57,NA
127,10,5,1,57,1
127,11,5,1,57,1
127,12,NA,NA,57,NA
127,13,2.3333333333333335,1,57,2.6666666666666665
127,14,2.3333333333333335,1,57,2.6666666666666665
127,15,NA,NA,57,NA
129,0,5,5,50,1
129,1,5,5,50,1
129,2,NA,NA,50,NA
129,3,5,5,50,1
129,4,5,5,50,1
129,5,5,3,50,1
129,6,5,3,50,1
129,7,5,3,50,1
129,8,5,4,50,1
129,9,5,3,50,1
129,10,5,3,50,1
129,11,5,3,50,1
129,12,5,1,50,1
129,13,NA,NA,50,NA
129,14,5,3,50,1
129,15,5,3,50,1
130,0,3,3,72,1
130,1,2,1,72,2.7777777777777777
130,2,3,1,72,1.2777777777777777
130,3,3,3,72,1
130,4,3,1,72,1
130,5,4,2,72,1
130,6,1.6666666666666667,3,72,3
130,7,2.3333333333333335,4,72,4
130,8,3,4,72,1
130,9,4,4,72,1
130,10,3,4,72,2.5
130,11,3,4,72,1.222222222222222
130,12,NA,NA,72,NA
131,0,3,2,54,1.4444444444444444
131,1,2.3333333333333335,1,54,1
131,2,3.3333333333333335,1,54,1
131,3,3.3333333333333335,1,54,1
131,4,3.3333333333333335,1,54,1
131,5,4,2,54,1
131,6,3.3333333333333335,1,54,1
131,7,3.3333333333333335,1,54,1
131,8,2.6666666666666665,2,54,1
131,9,4,1,54,1
131,10,3.3333333333333335,1,54,1
131,11,3.3333333333333335,2,54,1
131,12,3.6666666666666665,1,54,1
131,13,3.6666666666666665,2,54,1.2222222222222223
131,14,3.6666666666666665,2,54,1
132,0,4.333333333333333,2,62,1.5
132,1,2.3333333333333335,1,62,3.1666666666666665
132,2,2,1,62,3.5555555555555554
132,3,3.6666666666666665,2,62,1.3333333333333333
132,4,3.3333333333333335,2,62,1.1666666666666667
132,5,3,2,62,1.1666666666666667
132,6,2.3333333333333335,2,62,2.388888888888889
132,7,3.6666666666666665,2,62,1
132,8,4,1,62,1
132,9,1,1,62,4.888888888888889
132,10,1,1,62,3.7222222222222223
132,11,3.3333333333333335,2,62,2
132,12,3.6666666666666665,1,62,1.1111111111111112
132,13,3.3333333333333335,2,62,1.1111111111111112
134,0,4.333333333333333,4,49,1
134,1,5,5,49,1
134,2,4.333333333333333,5,49,1.5555555555555556
134,3,5,5,49,1
134,4,5,1,49,1
134,5,4.666666666666667,5,49,1
134,6,4.666666666666667,5,49,1
134,7,5,5,49,1
134,8,5,1,49,1
134,9,5,1,49,1
134,10,5,5,49,1
134,11,5,4,49,1
135,0,3.3333333333333335,1,28,2.166666666666667
135,1,3.6666666666666665,1,28,1.5555555555555556
135,2,1.6666666666666667,1,28,1.8888888888888888
135,3,1.3333333333333333,1,28,4.666666666666667
135,4,2.6666666666666665,1,28,2.888888888888889
135,5,2.3333333333333335,1,28,3.5
135,6,2.3333333333333335,1,28,1.2222222222222223
135,7,4.666666666666667,1,28,1.4444444444444444
135,8,3.6666666666666665,1,28,1
135,9,2.3333333333333335,1,28,1.1111111111111112
135,10,5,1,28,1.2222222222222223
135,11,2.3333333333333335,1,28,1.3333333333333333
135,12,4,1,28,1.4444444444444444
135,13,3.6666666666666665,1,28,1
136,0,2.3333333333333335,1,58,3
136,1,4,1,58,3.6666666666666665
136,2,NA,NA,58,NA
136,3,3.6666666666666665,2,58,1.5
136,4,3.3333333333333335,1,58,1.3333333333333333
136,5,4.333333333333333,1,58,1.9444444444444444
136,6,3.6666666666666665,2,58,1.4444444444444444
136,7,3.6666666666666665,3,58,1.2777777777777777
136,8,4,1,58,1.3888888888888888
136,9,5,1,58,1.222222222222222
136,10,3.6666666666666665,2,58,1.4444444444444444
137,0,4.333333333333333,1,44,1.222222222222222
137,1,3.3333333333333335,3,44,2.111111111111111
137,2,4,1,44,1.5555555555555556
137,3,5,3,44,1.1111111111111112
137,4,4.333333333333333,4,44,1
137,5,4.666666666666667,2,44,1.1111111111111112
137,6,NA,NA,44,NA
137,7,4.333333333333333,2,44,1.2222222222222223
137,8,4.666666666666667,3,44,1.3333333333333333
137,9,NA,NA,44,NA
137,10,5,3,44,1
137,11,NA,NA,44,NA
137,12,3.6666666666666665,3,44,1.3333333333333333
138,0,4.333333333333333,3,68,1.1111111111111112
138,1,3.6666666666666665,2,68,1
138,2,5,1,68,1
138,3,4,1,68,1
138,4,5,2,68,1
138,5,3.3333333333333335,2,68,1.1666666666666667
138,6,4,2,68,1
138,7,4,2,68,1
138,8,4.333333333333333,2,68,1
138,9,5,2,68,1
138,10,4,2,68,1.1111111111111112
138,11,4.333333333333333,3,68,1
138,12,4,1,68,1
138,13,5,2,68,1
139,0,4.666666666666667,2,50,1.8888888888888888
139,1,4.666666666666667,1,50,1
139,2,4.666666666666667,1,50,1
139,3,3.6666666666666665,1,50,1
139,4,NA,NA,50,NA
139,5,3.6666666666666665,1,50,1
139,6,5,2,50,1
139,7,5,1,50,1
139,8,5,1,50,1.4444444444444444
139,9,5,1,50,1
139,10,5,1,50,1
139,11,5,1,50,1
139,12,3.6666666666666665,1,50,1
139,13,5,2,50,1
139,14,5,1,50,1.3333333333333333
140,0,5,1,51,1.5
140,1,5,1,51,1.3333333333333333
140,2,5,1,51,1
140,3,5,1,51,1
140,4,5,1,51,1.6666666666666667
140,5,2.3333333333333335,1,51,4.222222222222222
140,6,2.3333333333333335,1,51,4.333333333333333
140,7,1,1,51,3.444444444444444
140,8,4.333333333333333,1,51,2
140,9,5,1,51,1.1666666666666667
140,10,5,1,51,1.1666666666666667
140,11,1,1,51,4.5
140,12,1,5,51,5
141,0,5,4,61,1
141,1,4.666666666666667,2,61,1
141,2,5,1,61,1
141,3,4.333333333333333,1,61,1.222222222222222
141,4,4.666666666666667,3,61,1.2222222222222223
141,5,5,4,61,1
141,6,4,1,61,1.1111111111111112
141,7,5,5,61,1
141,8,5,1,61,1
141,9,5,1,61,1
141,10,5,1,61,1
141,11,5,2,61,1
141,12,5,5,61,1
141,13,5,2,61,1
142,0,3,1,37,1.5555555555555556
142,1,3,1,37,2.6666666666666665
142,2,3,1,37,4.666666666666667
142,3,NA,NA,37,NA
142,4,3,1,37,1.6111111111111112
142,5,3,2,37,1.1666666666666667
142,6,2.3333333333333335,1,37,1.5
142,7,NA,NA,37,NA
142,8,2.6666666666666665,1,37,1.5555555555555556
142,9,NA,NA,37,NA
142,10,3.3333333333333335,1,37,1.1666666666666667
142,11,3,1,37,1.1111111111111112
142,12,4,1,37,1
142,13,3,1,37,1.4444444444444444
143,0,2,1,26,2.888888888888889
143,1,3,1,26,1.5555555555555556
143,2,1.6666666666666667,1,26,1.1111111111111112
143,3,1,5,26,2.111111111111111
143,4,1,1,26,2.2777777777777777
143,5,1,2,26,3.5555555555555554
143,6,1.6666666666666667,1,26,1.777777777777778
143,7,1,1,26,2.333333333333333
143,8,4,1,26,1.7777777777777777
143,9,1.6666666666666667,1,26,1.1111111111111112
143,10,1,1,26,2.5
143,11,1,2,26,3.7222222222222223
143,12,1.6666666666666667,1,26,1.8333333333333333
143,13,4.333333333333333,1,26,2.7222222222222223
144,0,4,4,67,1.3333333333333333
144,1,4.333333333333333,2,67,1.3333333333333333
144,2,4,3,67,2.3333333333333335
144,3,3.6666666666666665,5,67,1
144,4,4,3,67,1
144,5,4,1,67,1
144,6,4.333333333333333,2,67,1
144,7,3.3333333333333335,3,67,1.4444444444444444
144,8,4,4,67,1
144,9,4.333333333333333,4,67,1
144,10,NA,NA,67,NA
144,11,4.333333333333333,1,67,1.3333333333333333
144,12,3.6666666666666665,2,67,1
145,0,NA,NA,43,NA
145,1,4,2,43,2.388888888888889
145,2,4,1,43,1.3888888888888888
145,3,4,1,43,1.1666666666666667
145,4,4.333333333333333,3,43,1
145,5,4.666666666666667,5,43,1
145,6,4,2,43,1.4444444444444444
145,7,4.333333333333333,2,43,1.3333333333333333
145,8,4,3,43,1.2777777777777777
145,9,3.6666666666666665,2,43,1
145,10,4,3,43,1.2777777777777777
145,11,5,5,43,1
145,12,4.333333333333333,4,43,1.2222222222222223
146,0,5,4,60,1
146,1,5,4,60,1
146,2,5,4,60,1
146,3,5,4,60,1
146,4,NA,NA,60,NA
146,5,5,4,60,1
146,6,5,4,60,1
146,7,5,4,60,1
146,8,5,4,60,1
146,9,5,4,60,1
146,10,5,4,60,1
146,11,5,4,60,1
146,12,5,4,60,1
146,13,5,4,60,1
147,0,4,2,53,1.3888888888888888
147,1,3.6666666666666665,1,53,1.1666666666666667
147,2,4.333333333333333,2,53,1.3333333333333333
147,3,4,1,53,1.1111111111111112
147,4,3.6666666666666665,2,53,2.0555555555555554
147,5,3.6666666666666665,2,53,1.6666666666666667
147,6,3,1,53,1.4444444444444444
147,7,3.6666666666666665,2,53,1.4444444444444444
147,8,3.6666666666666665,2,53,1.2777777777777777
147,9,3.3333333333333335,2,53,1.2777777777777777
147,10,3.3333333333333335,2,53,1.1111111111111112
147,11,3,1,53,1.1111111111111112
147,12,2.6666666666666665,1,53,2.888888888888889
147,13,3,1,53,2.9444444444444446
148,0,5,4,60,1
148,1,5,2,60,1
148,2,5,5,60,1
148,3,5,2,60,1
148,4,5,3,60,1
148,5,5,2,60,1
148,6,5,2,60,1
148,7,5,3,60,1
148,8,5,3,60,1
148,9,5,3,60,1
148,10,5,2,60,1
148,11,5,2,60,1
148,12,5,2,60,1
148,13,5,2,60,1
149,0,2.6666666666666665,5,69,1.6666666666666667
149,1,2.6666666666666665,5,69,1.6666666666666667
149,2,3,4,69,1
149,3,3.3333333333333335,5,69,1
149,4,4.333333333333333,5,69,1.1666666666666667
149,5,3.3333333333333335,5,69,1.1666666666666667
149,6,3.6666666666666665,5,69,1
149,7,3.6666666666666665,5,69,1
149,8,4.333333333333333,5,69,1.1111111111111112
149,9,1.6666666666666667,4,69,1
149,10,2.6666666666666665,5,69,1
149,11,2.6666666666666665,5,69,1
149,12,3.6666666666666665,5,69,1
149,13,3.3333333333333335,5,69,1
149,14,4,5,69,1
150,0,3,2,71,2.388888888888889
150,1,4,2,71,1.3888888888888888
150,2,3.3333333333333335,2,71,2.4444444444444446
150,3,2.6666666666666665,2,71,3.6666666666666665
150,4,3,2,71,2.388888888888889
150,5,3.3333333333333335,3,71,2
150,6,4,2,71,2.4444444444444446
150,7,2.3333333333333335,2,71,3.611111111111111
150,8,4,2,71,1
150,9,3,3,71,2.3333333333333335
150,10,3.3333333333333335,2,71,2.1666666666666665
150,11,4.333333333333333,3,71,1
150,12,4,2,71,1
151,0,3.6666666666666665,3,47,1.3333333333333333
151,1,3,2,47,2.611111111111111
151,2,3,2,47,3
151,3,2.6666666666666665,2,47,2
151,4,2.3333333333333335,2,47,2
151,5,2.6666666666666665,1,47,1.3333333333333333
151,6,NA,NA,47,NA
151,7,3.6666666666666665,3,47,1.1111111111111112
151,8,2.3333333333333335,2,47,2.388888888888889
151,9,2.6666666666666665,2,47,1.3333333333333333
151,10,3,3,47,1.3333333333333333
152,0,3,3,57,1.2222222222222223
152,1,3,2,57,1
152,2,3,3,57,1.2222222222222223
152,3,3,1,57,1.1111111111111112
152,4,3,1,57,1.1111111111111112
152,5,3,1,57,1
152,6,3,1,57,1
152,7,3,1,57,2.555555555555556
152,8,2.6666666666666665,1,57,1.2222222222222223
152,9,3,2,57,1
152,10,3,2,57,1
152,11,3,2,57,1
152,12,2.3333333333333335,1,57,1
152,13,3,2,57,1
152,14,2.6666666666666665,2,57,1
152,15,NA,NA,57,NA
152,16,NA,NA,57,NA
152,17,NA,NA,57,NA
153,0,4.333333333333333,3,45,2.1666666666666665
153,1,3,2,45,2.388888888888889
153,2,4,2,45,1.8333333333333333
153,3,4.333333333333333,3,45,1
153,4,5,2,45,1
153,5,5,4,45,1
153,6,4.333333333333333,2,45,1.1666666666666667
153,7,4,2,45,1.1111111111111112
153,8,3.6666666666666665,2,45,1
153,9,4,2,45,1
153,10,NA,NA,45,NA
153,11,5,2,45,1
153,12,5,4,45,1
154,0,4.666666666666667,1,60,2.333333333333333
154,1,2.6666666666666665,2,60,4
154,2,4,1,60,1.1666666666666667
154,3,5,1,60,1
154,4,NA,NA,60,NA
154,5,4.666666666666667,2,60,2.888888888888889
154,6,4.333333333333333,3,60,1.7222222222222223
154,7,4,2,60,2.1666666666666665
154,8,3.6666666666666665,2,60,2.888888888888889
154,9,4,4,60,1.5
154,10,NA,NA,60,NA
155,0,4,3,40,2.7222222222222223
155,1,4.333333333333333,1,40,3.111111111111111
155,2,4,1,40,3.7222222222222223
155,3,1.3333333333333333,4,40,2.444444444444444
155,4,2.3333333333333335,4,40,2.111111111111111
155,5,3.3333333333333335,4,40,2.6666666666666665
155,6,4.333333333333333,1,40,1.4444444444444444
155,7,4.666666666666667,1,40,1.1111111111111112
155,8,3.3333333333333335,1,40,2.1666666666666665
155,9,3,1,40,2.5
155,10,4,1,40,1.3333333333333333
155,11,5,2,40,1
155,12,5,1,40,1.8888888888888888
156,0,NA,NA,46,NA
156,1,4.333333333333333,2,46,1.1666666666666667
156,2,4,1,46,1.222222222222222
156,3,5,1,46,1.5555555555555556
156,4,4,3,46,1.5555555555555556
156,5,3,2,46,1
156,6,3.6666666666666665,2,46,1.6666666666666667
156,7,4,3,46,2
156,8,4,2,46,1.8888888888888888
156,9,4,1,46,1.1111111111111112
156,10,5,1,46,1
156,11,4,3,46,2
156,12,3,1,46,1.6666666666666667
156,13,5,1,46,1
157,0,2.3333333333333335,2,42,2.388888888888889
157,1,3,1,42,2.2777777777777777
157,2,3,2,42,1.3333333333333333
157,3,2.6666666666666665,1,42,2.1666666666666665
157,4,3.3333333333333335,1,42,1.1111111111111112
157,5,3.3333333333333335,2,42,1
157,6,3.3333333333333335,1,42,1.1111111111111112
157,7,2.3333333333333335,1,42,1.4444444444444444
157,8,3,2,42,1.5555555555555556
157,9,2.6666666666666665,1,42,1.777777777777778
157,10,4,1,42,1
157,11,4,1,42,1.1111111111111112
157,12,4,1,42,1
157,13,NA,NA,42,NA
158,0,2.3333333333333335,2,39,2.2222222222222223
158,1,3.3333333333333335,1,39,1.3333333333333333
158,2,2.3333333333333335,1,39,1.4444444444444444
158,3,5,1,39,1
158,4,1,1,39,3.2777777777777777
158,5,3,1,39,1.7777777777777777
158,6,2,1,39,2.9444444444444446
158,7,2.3333333333333335,1,39,2.166666666666667
159,0,4.333333333333333,3,63,1.1111111111111112
159,1,3.6666666666666665,3,63,1.5555555555555556
159,2,2.6666666666666665,4,63,1.5555555555555556
159,3,3.6666666666666665,3,63,1.3333333333333333
159,4,4.666666666666667,4,63,1
159,5,4.333333333333333,4,63,1
159,6,4.333333333333333,4,63,1
159,7,4.333333333333333,2,63,1.5555555555555556
159,8,NA,NA,63,NA
159,9,4,4,63,1
159,10,4.333333333333333,2,63,1
159,11,4,2,63,1
159,12,4.333333333333333,2,63,1.222222222222222
160,0,2.6666666666666665,5,66,1
160,1,4.333333333333333,5,66,1
160,2,4.333333333333333,5,66,1
160,3,2,5,66,2
160,4,3,5,66,1.8333333333333335
160,5,4,5,66,1.3888888888888888
160,6,2.3333333333333335,3,66,1.6666666666666667
160,7,4.333333333333333,5,66,1
160,8,4,5,66,1
160,9,4.333333333333333,4,66,1
160,10,3,5,66,1.5555555555555556
160,11,4,5,66,1
160,12,3.3333333333333335,4,66,1.4444444444444444
161,0,4,2,55,1.2222222222222223
161,1,4,2,55,1
161,2,2.6666666666666665,3,55,2.111111111111111
161,3,3.3333333333333335,3,55,1.6666666666666665
161,4,3.6666666666666665,1,55,1
161,5,4.666666666666667,2,55,1.1111111111111112
161,6,4,2,55,1.2222222222222223
161,7,4,1,55,1.1111111111111112
161,8,4,2,55,1.4444444444444444
161,9,2.3333333333333335,2,55,2.3333333333333335
161,10,4,1,55,1
161,11,4,3,55,1.1111111111111112
162,0,NA,NA,32,NA
162,1,2,1,32,2.388888888888889
162,2,3.3333333333333335,3,32,2.5555555555555554
162,3,4.666666666666667,4,32,1.3333333333333333
162,4,2,2,32,1.8333333333333333
162,5,3,2,32,2.111111111111111
162,6,1.3333333333333333,1,32,3.333333333333333
162,7,NA,NA,32,NA
162,8,2.6666666666666665,3,32,2.2222222222222223
162,9,3.3333333333333335,3,32,1.722222222222222
162,10,3,2,32,1.5555555555555556
162,11,1.6666666666666667,3,32,2.111111111111111
162,12,1.3333333333333333,3,32,2.555555555555556
162,13,2.6666666666666665,3,32,1.6111111111111112
163,0,4,1,56,1.7777777777777777
163,1,4,1,56,1.7222222222222223
163,2,4,1,56,1
163,3,4,2,56,1
163,4,3.3333333333333335,1,56,1.3333333333333333
163,5,4,2,56,1.5
163,6,3.3333333333333335,1,56,1.7222222222222223
163,7,NA,NA,56,NA
163,8,3.6666666666666665,1,56,1
163,9,4,2,56,1
163,10,4,1,56,1
163,11,4,1,56,1.3333333333333333
163,12,NA,NA,56,NA
164,0,3.6666666666666665,1,34,1.2222222222222223
164,1,2.3333333333333335,1,34,1.8888888888888888
164,2,3,1,34,1.1111111111111112
164,3,4,1,34,1.3333333333333333
164,4,4,1,34,1
164,5,2.6666666666666665,1,34,1.8333333333333333
164,6,2.6666666666666665,1,34,1.5555555555555556
164,7,3.6666666666666665,1,34,1.5555555555555556
164,8,3.6666666666666665,1,34,1
164,9,3.6666666666666665,1,34,1.4444444444444444
164,10,NA,NA,34,NA
164,11,4,1,34,1.1111111111111112
164,12,3.6666666666666665,1,34,1.1111111111111112
165,0,NA,NA,71,NA
165,1,2.3333333333333335,1,71,1.2222222222222223
165,2,1,1,71,1.7777777777777777
165,3,1.3333333333333333,1,71,1.6111111111111112
165,4,3.3333333333333335,3,71,1
165,5,3.3333333333333335,3,71,1
165,6,2,2,71,1
165,7,3,1,71,1
165,8,2,1,71,1
165,9,2.6666666666666665,1,71,1
165,10,3,2,71,1
165,11,1,2,71,1.6666666666666667
165,12,4,1,71,1
165,13,4,2,71,1
166,0,3,2,68,2.388888888888889
166,1,2.3333333333333335,2,68,3.388888888888889
166,2,3.3333333333333335,1,68,2
166,3,3.3333333333333335,2,68,2.3333333333333335
166,4,NA,NA,68,NA
166,5,2.6666666666666665,1,68,2.3333333333333335
166,6,NA,NA,68,NA
166,7,1.6666666666666667,1,68,3.5555555555555554
166,8,NA,NA,68,NA
166,9,3,1,68,3
166,10,2.3333333333333335,2,68,3.5
166,11,3,1,68,2.6666666666666665
166,12,NA,NA,68,NA
166,13,NA,NA,68,NA
167,0,4.666666666666667,3,73,1
167,1,4,3,73,1
167,2,3,2,73,2.111111111111111
167,3,4,2,73,1
167,4,4.666666666666667,2,73,1.1111111111111112
167,5,4.333333333333333,2,73,1.2222222222222223
167,6,4,3,73,1.1111111111111112
167,7,4.666666666666667,2,73,1
167,8,3.6666666666666665,2,73,1
167,9,NA,NA,73,NA
167,10,5,2,73,1
167,11,4.666666666666667,2,73,1
167,12,4.333333333333333,2,73,1.5
167,13,NA,NA,73,NA
169,0,3.6666666666666665,2,67,1.4444444444444444
169,1,4,3,67,1.8888888888888888
169,2,3.6666666666666665,2,67,1.4444444444444444
169,3,NA,NA,67,NA
169,4,3.6666666666666665,4,67,1.1111111111111112
169,5,3.6666666666666665,1,67,1
169,6,4,2,67,1.3333333333333333
169,7,3.3333333333333335,3,67,1
169,8,4,2,67,1.5555555555555556
169,9,3,2,67,1.6666666666666667
169,10,3.6666666666666665,3,67,1.6666666666666667
169,11,4.333333333333333,2,67,1
169,12,4,1,67,1
170,0,2.3333333333333335,1,48,2.4444444444444446
170,1,2.6666666666666665,1,48,3.111111111111111
170,2,1,1,48,3.4444444444444446
170,3,2.6666666666666665,1,48,2.2222222222222223
170,4,4,1,48,1
170,5,3.3333333333333335,1,48,1
170,6,4.333333333333333,1,48,1
170,7,3,1,48,1.6666666666666667
170,8,3,1,48,2
170,9,1.6666666666666667,1,48,3.6666666666666665
170,10,2.3333333333333335,1,48,2.388888888888889
170,11,2,1,48,3.6666666666666665
170,12,3,1,48,2.1666666666666665
171,0,3.3333333333333335,2,38,1.1666666666666667
171,1,4,1,38,1
171,2,3.3333333333333335,2,38,1.1111111111111112
171,3,3.3333333333333335,3,38,1
171,4,3.6666666666666665,3,38,1
171,5,3.3333333333333335,2,38,1.1111111111111112
171,6,2,1,38,2
171,7,2.6666666666666665,1,38,1.222222222222222
171,8,3,1,38,1.1666666666666667
171,9,3,2,38,1.1666666666666667
171,10,2.6666666666666665,2,38,1.4444444444444444
171,11,2.6666666666666665,3,38,1
171,12,2.6666666666666665,2,38,1.2777777777777777
171,13,3.3333333333333335,1,38,1.1666666666666667
171,14,NA,NA,38,NA
172,0,2.3333333333333335,1,46,3.944444444444444
172,1,2.6666666666666665,1,46,2.611111111111111
172,2,1.6666666666666667,1,46,3.7222222222222223
172,3,3.3333333333333335,1,46,2.5555555555555554
172,4,1.6666666666666667,1,46,3.5555555555555554
172,5,1,1,46,4.666666666666667
172,6,3,1,46,2.388888888888889
172,7,1.3333333333333333,2,46,4.888888888888889
172,8,1,1,46,4.333333333333333
172,9,2.6666666666666665,1,46,2.0555555555555554
172,10,1,1,46,4.777777777777778
172,11,1,1,46,4.722222222222222
172,12,1.6666666666666667,1,46,4.333333333333333
173,0,2.6666666666666665,4,25,2.6666666666666665
173,1,3,3,25,2.0555555555555554
173,2,2.6666666666666665,4,25,1.3333333333333333
173,3,5,1,25,1.4444444444444444
173,4,5,2,25,1.5
173,5,4,2,25,1.6111111111111112
173,6,5,4,25,1.1666666666666667
173,7,4,5,25,1.2222222222222223
173,8,2,2,25,2.0555555555555554
173,9,3,4,25,1.777777777777778
173,10,3.3333333333333335,3,25,1.6111111111111112
173,11,5,2,25,1
174,0,3.3333333333333335,3,46,3
174,1,3.3333333333333335,1,46,1.8888888888888888
174,2,NA,NA,46,NA
174,3,4,1,46,2.2222222222222223
174,4,2.6666666666666665,1,46,2.388888888888889
174,5,3.3333333333333335,1,46,1.5555555555555556
174,6,2.3333333333333335,1,46,2.2222222222222223
174,7,2.6666666666666665,1,46,2.111111111111111
174,8,2,1,46,3.611111111111111
174,9,4,1,46,1.7777777777777777
174,10,2.6666666666666665,1,46,1.6666666666666667
174,11,NA,NA,46,NA
174,12,5,1,46,2
174,13,3,1,46,2.1666666666666665
174,14,3.3333333333333335,1,46,2.111111111111111
175,0,5,5,43,1
175,1,5,5,43,1
175,2,5,2,43,1
175,3,5,4,43,1
175,4,NA,NA,43,NA
175,5,5,1,43,1
175,6,5,5,43,1
175,7,5,3,43,1
175,8,5,5,43,1
175,9,5,3,43,1
175,10,5,5,43,1
176,0,3.3333333333333335,2,67,1.1666666666666667
176,1,NA,NA,67,NA
176,2,NA,NA,67,NA
176,3,4,1,67,1.3333333333333333
176,4,4.333333333333333,1,67,1.3333333333333333
176,5,3.6666666666666665,3,67,1.3333333333333333
176,6,1.3333333333333333,2,67,1.7777777777777777
176,7,3,2,67,1.1666666666666667
176,8,3,1,67,1.4444444444444444
176,9,1.6666666666666667,3,67,1.777777777777778
176,10,3,1,67,1.1666666666666667
176,11,3.6666666666666665,2,67,1.2777777777777777
176,12,4,2,67,1
177,0,3,1,44,1.3888888888888888
177,1,3,2,44,1.3333333333333333
177,2,3.3333333333333335,1,44,1.2777777777777777
177,3,3,1,44,1
177,4,2,1,44,1.9444444444444444
177,5,3,1,44,1.2777777777777777
177,6,3.3333333333333335,1,44,1.2777777777777777
177,7,3,1,44,1.2777777777777777
177,8,3.3333333333333335,2,44,1.2777777777777777
177,9,3.3333333333333335,3,44,1.1111111111111112
177,10,3,3,44,1.4444444444444444
177,11,2,2,44,1.5555555555555556
177,12,3,1,44,1.2777777777777777
177,13,3,1,44,1.2777777777777777
177,14,3,1,44,1.1111111111111112
178,0,5,5,45,1
178,1,2.3333333333333335,1,45,4.222222222222222
178,2,5,5,45,1
178,3,5,5,45,1.6666666666666667
178,4,3,3,45,3.5
178,5,3,1,45,3
178,6,5,5,45,1.4444444444444444
178,7,4.333333333333333,4,45,1
178,8,5,5,45,1
178,9,5,5,45,1
178,10,4.666666666666667,5,45,1
178,11,5,5,45,3.111111111111111
178,12,5,5,45,1
179,0,4.666666666666667,3,46,1
179,1,3.6666666666666665,2,46,2.1666666666666665
179,2,4.666666666666667,2,46,1
179,3,4.666666666666667,2,46,1
179,4,3.6666666666666665,2,46,1.8888888888888888
179,5,5,2,46,1
179,6,4.666666666666667,2,46,1
179,7,4.666666666666667,3,46,1
179,8,4.666666666666667,2,46,1
179,9,4.666666666666667,2,46,1
179,10,4.666666666666667,3,46,1
179,11,4,2,46,1
179,12,4.333333333333333,2,46,1
180,0,3.3333333333333335,3,64,1
180,1,3,3,64,1
180,2,1,2,64,2.444444444444444
180,3,3,2,64,1
180,4,3,5,64,1.3333333333333333
180,5,3.3333333333333335,2,64,1
180,6,3.6666666666666665,3,64,1
180,7,2.6666666666666665,2,64,1.5
180,8,2.3333333333333335,2,64,2.8333333333333335
180,9,2.6666666666666665,1,64,1.6666666666666667
180,10,2.6666666666666665,2,64,1
180,11,3,2,64,1
180,12,3,2,64,1
180,13,4,1,64,1
181,0,2.6666666666666665,1,25,2.3333333333333335
181,1,NA,NA,25,NA
181,2,2.3333333333333335,3,25,2.4444444444444446
181,3,2.3333333333333335,1,25,1.6111111111111112
181,4,2.6666666666666665,1,25,1.6666666666666667
181,5,NA,NA,25,NA
181,6,3,2,25,1.4444444444444444
181,7,2.6666666666666665,1,25,1.1666666666666667
181,8,2.6666666666666665,1,25,1.4444444444444444
181,9,2.6666666666666665,1,25,1.5555555555555556
181,10,3,3,25,1.6666666666666667
181,11,NA,NA,25,NA
181,12,2,3,25,2.3333333333333335
181,13,3,1,25,1.4444444444444444
181,14,2,1,25,1.6666666666666667
181,15,NA,NA,25,NA
182,0,4,4,69,1
182,1,4.666666666666667,2,69,1
182,2,5,2,69,1
182,3,5,2,69,1
182,4,5,2,69,1
182,5,5,2,69,1
182,6,5,2,69,1.4444444444444444
182,7,5,2,69,1
182,8,5,2,69,1
182,9,5,2,69,1
182,10,4.666666666666667,2,69,1
182,11,5,1,69,1
182,12,5,3,69,1
183,0,4,2,49,1.1111111111111112
183,1,2.6666666666666665,2,49,3.3333333333333335
183,2,NA,NA,49,NA
183,3,1.6666666666666667,1,49,3.2777777777777777
183,4,3,1,49,1.8888888888888888
183,5,5,1,49,1
183,6,NA,NA,49,NA
183,7,4,1,49,1.3888888888888888
183,8,NA,NA,49,NA
183,9,4,1,49,1
183,10,4.666666666666667,1,49,1
183,11,3.3333333333333335,1,49,2
183,12,4.333333333333333,1,49,1
184,0,NA,NA,55,NA
184,1,4,1,55,1
184,2,4,1,55,1
184,3,4,2,55,1.1666666666666667
184,4,5,2,55,1
184,5,4.333333333333333,1,55,1.777777777777778
184,6,3,1,55,1
184,7,4,2,55,1
184,8,4,2,55,1
184,9,3,2,55,1
184,10,3.6666666666666665,2,55,1
184,11,4,1,55,1
184,12,4,1,55,1
184,13,3.3333333333333335,2,55,1
184,14,NA,NA,55,NA
185,0,4,1,77,1.3333333333333333
185,1,4,1,77,1
185,2,3,1,77,1.3333333333333333
185,3,4,1,77,1
185,4,3.6666666666666665,1,77,1.1666666666666667
185,5,3,1,77,1.7777777777777777
185,6,2,1,77,1.7777777777777777
185,7,3.6666666666666665,1,77,1
185,8,3.3333333333333335,1,77,1.1666666666666667
185,9,3,1,77,1
185,10,4.333333333333333,1,77,1
185,11,4.333333333333333,1,77,1
185,12,3.6666666666666665,1,77,1.3333333333333333
185,13,2.3333333333333335,1,77,2
185,14,3,1,77,1.3333333333333333
186,0,2.3333333333333335,1,36,1.6666666666666667
186,1,4.666666666666667,1,36,1
186,2,1.6666666666666667,3,36,3.1666666666666665
186,3,5,3,36,1
186,4,3,4,36,1.777777777777778
186,5,1.6666666666666667,1,36,2.111111111111111
186,6,4,3,36,1.2222222222222223
186,7,1.6666666666666667,2,36,1.8888888888888888
186,8,4.333333333333333,2,36,1.2222222222222223
186,9,3,1,36,1.5555555555555556
186,10,2.6666666666666665,2,36,1
186,11,4.666666666666667,4,36,1.7222222222222223
186,12,5,3,36,1
186,13,4,1,36,1.1111111111111112
187,0,4.666666666666667,5,62,1.5
187,1,4.333333333333333,5,62,1.3333333333333333
187,2,4.666666666666667,5,62,1.3333333333333333
187,3,NA,NA,62,NA
187,4,5,2,62,1.3333333333333333
187,5,4.666666666666667,5,62,1.3333333333333333
187,6,4.666666666666667,5,62,1.3333333333333333
187,7,4.333333333333333,5,62,1.3333333333333333
187,8,4.666666666666667,5,62,1.1666666666666667
187,9,5,5,62,1.1666666666666667
187,10,4.666666666666667,4,62,1.1666666666666667
187,11,5,4,62,1.3333333333333333
187,12,4.666666666666667,5,62,1.1666666666666667
187,13,5,5,62,1.1666666666666667
187,14,5,5,62,1.3888888888888888
188,0,3.6666666666666665,2,33,2.2222222222222223
188,1,3.6666666666666665,1,33,1.722222222222222
188,2,3,2,33,1.8888888888888888
188,3,2.6666666666666665,1,33,1.6666666666666667
188,4,NA,NA,33,NA
188,5,3,1,33,1.1666666666666667
188,6,2.6666666666666665,2,33,1.2777777777777777
188,7,2.6666666666666665,2,33,1.5
188,8,3,2,33,1.1111111111111112
188,9,2.6666666666666665,2,33,1
188,10,1.3333333333333333,1,33,2.444444444444444
188,11,3,2,33,1
188,12,2.3333333333333335,2,33,1
188,13,3,1,33,1.1111111111111112
188,14,NA,NA,33,NA
189,0,4.666666666666667,1,55,1.3333333333333333
189,1,3.6666666666666665,1,55,1
189,2,4,1,55,1.1111111111111112
189,3,3.6666666666666665,1,55,1.3333333333333333
189,4,NA,NA,55,NA
189,5,3.3333333333333335,1,55,1.4444444444444444
189,6,4,1,55,1
189,7,2.6666666666666665,1,55,1.2222222222222223
189,8,4,1,55,1
189,9,4.333333333333333,1,55,1.1111111111111112
189,10,2.6666666666666665,1,55,1.2777777777777777
189,11,3,1,55,1.2777777777777777
189,12,3,1,55,1.1111111111111112
189,13,4,1,55,1.6666666666666667
191,0,4,5,46,1.6666666666666667
191,1,4.333333333333333,5,46,1
191,2,4.333333333333333,5,46,1
191,3,3,5,46,1.8888888888888888
191,4,1.6666666666666667,5,46,2.7777777777777777
191,5,3.6666666666666665,5,46,1.2222222222222223
191,6,2.6666666666666665,5,46,1.2222222222222223
191,7,2.6666666666666665,5,46,1.3333333333333333
191,8,2.6666666666666665,5,46,1.2222222222222223
191,9,3.6666666666666665,5,46,1
191,10,4.333333333333333,3,46,1.3333333333333333
191,11,4,5,46,1
191,12,4,5,46,1.1111111111111112
192,0,4.666666666666667,3,37,2
192,1,3.6666666666666665,3,37,1.8888888888888888
192,2,4.333333333333333,4,37,1.7777777777777777
192,3,4,4,37,1.3888888888888888
192,4,4.333333333333333,3,37,1.9444444444444444
192,5,4.666666666666667,4,37,1.222222222222222
192,6,2.3333333333333335,4,37,1.777777777777778
192,7,4.666666666666667,4,37,1.222222222222222
192,8,5,3,37,1
192,9,4.333333333333333,4,37,1.222222222222222
192,10,4.333333333333333,3,37,1.222222222222222
192,11,3.3333333333333335,3,37,2.0555555555555554
192,12,5,4,37,1
192,13,4.666666666666667,4,37,1
193,0,3,4,64,1.3333333333333333
193,1,2,4,64,2.944444444444444
193,2,2.6666666666666665,4,64,1
193,3,2.3333333333333335,4,64,1.5
193,4,4,4,64,1
193,5,2.3333333333333335,4,64,1.6666666666666667
193,6,2.3333333333333335,4,64,1.1111111111111112
193,7,2,4,64,1.5
193,8,2.6666666666666665,4,64,1.2222222222222223
193,9,2,4,64,1.5
193,10,2.6666666666666665,3,64,1
193,11,NA,NA,64,NA
193,12,NA,NA,64,NA
193,13,NA,NA,64,NA
194,0,2,2,43,1.6666666666666667
194,1,2.3333333333333335,1,43,3.2777777777777777
194,2,3,1,43,2.111111111111111
194,3,1.6666666666666667,2,43,2
194,4,1.6666666666666667,2,43,1.777777777777778
194,5,3,2,43,1.3333333333333333
194,6,1.6666666666666667,1,43,2.111111111111111
194,7,2.3333333333333335,1,43,1.8888888888888888
194,8,2.3333333333333335,1,43,1.3333333333333333
194,9,2.3333333333333335,1,43,1.8888888888888888
194,10,2.3333333333333335,1,43,1.6666666666666667
194,11,NA,NA,43,NA
194,12,2.3333333333333335,2,43,2.111111111111111
194,13,1.6666666666666667,1,43,1.8888888888888888
194,14,NA,NA,43,NA
195,0,NA,NA,53,NA
195,1,4,1,53,2.2222222222222223
195,2,4,1,53,1
195,3,4,1,53,1
195,4,4,1,53,1
195,5,3.6666666666666665,1,53,1
195,6,4,1,53,1
195,7,4,1,53,1.5
195,8,4.333333333333333,1,53,1
195,9,5,1,53,1.3333333333333333
195,10,5,1,53,1.6666666666666667
195,11,4,1,53,1
196,0,5,5,45,1.2777777777777777
196,1,NA,NA,45,NA
196,2,NA,NA,45,NA
196,3,3,1,45,1.5555555555555556
196,4,3.3333333333333335,1,45,1
196,5,NA,NA,45,NA
196,6,NA,NA,45,NA
196,7,NA,NA,45,NA
196,8,2.6666666666666665,1,45,1
196,9,NA,NA,45,NA
196,10,2.3333333333333335,1,45,1.1111111111111112
196,11,NA,NA,45,NA
196,12,NA,NA,45,NA
196,13,NA,NA,45,NA
197,0,4.666666666666667,2,53,1.2222222222222223
197,1,5,2,53,1.2222222222222223
197,2,5,2,53,1
197,3,5,2,53,1
197,4,5,3,53,1
197,5,5,2,53,1
197,6,NA,NA,53,NA
197,7,5,3,53,1
197,8,5,1,53,1
197,9,5,2,53,1
197,10,5,2,53,1
197,11,5,3,53,1
197,12,5,2,53,1
198,0,5,4,65,1.1111111111111112
198,1,5,4,65,1
198,2,5,4,65,1.1111111111111112
198,3,5,3,65,1.222222222222222
198,4,5,5,65,1.1111111111111112
198,5,5,5,65,1.222222222222222
198,6,5,5,65,1
198,7,NA,NA,65,NA
198,8,5,5,65,1
198,9,5,5,65,1.3333333333333333
198,10,5,4,65,1
198,11,5,4,65,1
198,12,5,4,65,1
198,13,5,4,65,1.222222222222222
198,14,5,4,65,1.2222222222222223
200,0,2.3333333333333335,1,36,2.388888888888889
200,1,NA,NA,36,NA
200,2,2.3333333333333335,1,36,2
200,3,NA,NA,36,NA
200,4,2.6666666666666665,2,36,1
200,5,3,1,36,1.1111111111111112
200,6,2,2,36,1.2222222222222223
200,7,2.3333333333333335,2,36,1.3888888888888888
200,8,3,1,36,1
200,9,1.6666666666666667,1,36,1
200,10,3,1,36,1
200,11,3,2,36,1
201,0,4,4,54,1
201,1,4.333333333333333,3,54,1
201,2,3.6666666666666665,3,54,1
201,3,NA,NA,54,NA
201,4,5,3,54,1
201,5,5,3,54,1
201,6,5,4,54,1
201,7,5,2,54,1
201,8,5,3,54,1
201,9,5,2,54,1
201,10,5,2,54,1
201,11,5,2,54,1
201,12,NA,NA,54,NA
201,13,5,3,54,1
202,0,5,3,53,1
202,1,3.6666666666666665,3,53,1.9444444444444444
202,2,5,3,53,1
202,3,3,3,53,3
202,4,5,3,53,1
202,5,4.333333333333333,2,53,2.7222222222222223
202,6,3,3,53,3
202,7,2.6666666666666665,3,53,3.111111111111111
202,8,4,3,53,1
202,9,5,3,53,1
203,0,4.333333333333333,4,60,1
203,1,3,2,60,1.6111111111111112
203,2,3,2,60,1.9444444444444444
203,3,2.3333333333333335,1,60,3.388888888888889
203,4,3,1,60,2.888888888888889
203,5,3,1,60,2.2777777777777777
203,6,2.3333333333333335,1,60,3.2222222222222223
203,7,2.6666666666666665,1,60,3.388888888888889
203,8,3,1,60,3
203,9,4,1,60,2.0555555555555554
203,10,3,1,60,3
203,11,4,1,60,1.3333333333333333
203,12,3.6666666666666665,2,60,2.388888888888889
203,13,2,1,60,3.3333333333333335
206,0,3,3,62,1
206,1,2.6666666666666665,1,62,1
206,2,1.3333333333333333,1,62,1
206,3,1,1,62,1
206,4,1.3333333333333333,1,62,1
206,5,1,1,62,1.6666666666666667
206,6,1,1,62,1
206,7,2.3333333333333335,1,62,1
206,8,1.6666666666666667,1,62,1
206,9,1,1,62,1.1111111111111112
206,10,1,1,62,1
206,11,1,1,62,1.3333333333333333
206,12,1,1,62,1
207,0,3.3333333333333335,2,33,1.8888888888888888
207,1,4,1,33,2.111111111111111
207,2,1,1,33,3.944444444444444
207,3,2.6666666666666665,1,33,2.0555555555555554
207,4,2,1,33,3.888888888888889
207,5,2.3333333333333335,2,33,2.9444444444444446
207,6,NA,NA,33,NA
207,7,2,2,33,2.611111111111111
207,8,2,1,33,3
207,9,2.3333333333333335,1,33,4
207,10,3,1,33,1.9444444444444444
207,11,3.3333333333333335,2,33,1.4444444444444444
207,12,2.3333333333333335,2,33,3.0555555555555554
207,13,3,1,33,1.6666666666666667
207,14,3.3333333333333335,1,33,1.7777777777777777
209,0,4.333333333333333,4,64,1.2777777777777777
209,1,4,4,64,1
209,2,4,3,64,1
209,3,4,2,64,1
209,4,5,4,64,1
209,5,4,5,64,1
209,6,5,5,64,1
209,7,4,3,64,1
209,8,4,3,64,1
209,9,4,3,64,1
209,10,5,5,64,1
209,11,5,5,64,1
209,12,5,4,64,1
209,13,4.333333333333333,3,64,1.1111111111111112
210,0,3.6666666666666665,2,32,1.3888888888888888
210,1,4,2,32,1.222222222222222
210,2,4,1,32,1.4444444444444444
210,3,3.6666666666666665,1,32,1.1111111111111112
210,4,3,1,32,1.2222222222222223
210,5,3,2,32,1.5555555555555556
210,6,3.6666666666666665,3,32,1
210,7,4,3,32,1
210,8,4,2,32,1
210,9,4,2,32,1.1111111111111112
210,10,3,1,32,1.222222222222222
210,11,3.3333333333333335,1,32,1
210,12,3,1,32,1.1111111111111112
210,13,3.3333333333333335,1,32,1.1111111111111112
211,0,4,2,46,1.6111111111111112
211,1,4,1,46,1.4444444444444444
211,2,3,3,46,1.5555555555555556
211,3,4,2,46,1.8333333333333333
211,4,2.6666666666666665,1,46,2.3333333333333335
211,5,3,2,46,2.7222222222222223
211,6,4,1,46,1.6666666666666667
211,7,3,1,46,2.2222222222222223
211,8,3,1,46,2.2222222222222223
211,9,4,1,46,1.8333333333333333
211,10,3.6666666666666665,2,46,2.611111111111111
211,11,2.6666666666666665,1,46,4.055555555555555
212,0,2.3333333333333335,5,48,3.555555555555556
212,1,3,3,48,3.111111111111111
212,2,3.6666666666666665,4,48,1.3333333333333333
212,3,4,2,48,1.8888888888888888
212,4,3.3333333333333335,3,48,1.222222222222222
212,5,4.333333333333333,4,48,1
212,6,4.333333333333333,1,48,2.388888888888889
212,7,4.666666666666667,3,48,1.5555555555555556
212,8,2.3333333333333335,1,48,3
212,9,4.666666666666667,2,48,1.5555555555555556
212,10,3.6666666666666665,4,48,1.6666666666666667
212,11,2.3333333333333335,3,48,3.5
212,12,4.333333333333333,5,48,1.5
214,0,4,4,68,1.1111111111111112
214,1,4.333333333333333,3,68,1
214,2,4,2,68,1
214,3,3.6666666666666665,2,68,1.4444444444444444
214,4,4.666666666666667,4,68,1
214,5,4.333333333333333,2,68,1.5
214,6,4,3,68,1.3333333333333333
214,7,4.333333333333333,2,68,1.3333333333333333
214,8,4,2,68,1.2777777777777777
214,9,3.6666666666666665,4,68,1.7777777777777777
214,10,4.333333333333333,2,68,1.7777777777777777
214,11,4.666666666666667,2,68,2.111111111111111
214,12,3,4,68,1.8888888888888888
